Date,Currency,Rate
2023-11-21,AUD,1.6653
2023-11-21,BGN,1.9558
2023-11-21,BRL,5.3454
2023-11-21,CAD,1.5029
2023-11-21,CHF,0.9673
2023-11-21,CNY,7.8178
2023-11-21,CZK,24.509
2023-11-21,DKK,7.4556
2023-11-21,GBP,0.87326
2023-11-21,HKD,8.5409
2023-11-21,HUF,379.18
2023-11-21,IDR,16979
2023-11-21,ILS,4.0655
2023-11-21,INR,91.24
2023-11-21,ISK,152.5
2023-11-21,JPY,161.61
2023-11-21,KRW,1413.92
2023-11-21,MXN,18.7681
2023-11-21,MYR,5.0974
2023-11-21,NOK,11.67
2023-11-21,NZD,1.8026
2023-11-21,PHP,60.724
2023-11-21,PLN,4.3625
2023-11-21,RON,4.9707
2023-11-21,SEK,11.404
2023-11-21,SGD,1.4638
2023-11-21,THB,38.545
2023-11-21,TRY,31.555
2023-11-21,USD,1.0955
2023-11-21,ZAR,20.14
2023-11-22,AUD,1.6618
2023-11-22,BGN,1.9558
2023-11-22,BRL,5.3402
2023-11-22,CAD,1.4959
2023-11-22,CHF,0.964
2023-11-22,CNY,7.8015
2023-11-22,CZK,24.48
2023-11-22,DKK,7.4547
2023-11-22,GBP,0.8703
2023-11-22,HKD,8.5061
2023-11-22,HUF,380.6
2023-11-22,IDR,17023
2023-11-22,ILS,4.0638
2023-11-22,INR,90.9
2023-11-22,ISK,153.9
2023-11-22,JPY,162.25
2023-11-22,KRW,1418.1
2023-11-22,MXN,18.7421
2023-11-22,MYR,5.1042
2023-11-22,NOK,11.702
2023-11-22,NZD,1.8065
2023-11-22,PHP,60.698
2023-11-22,PLN,4.3625
2023-11-22,RON,4.9708
2023-11-22,SEK,11.39
2023-11-22,SGD,1.4622
2023-11-22,THB,38.379
2023-11-22,TRY,31.455
2023-11-22,USD,1.0911
2023-11-22,ZAR,20.301
2023-11-23,AUD,1.6633
2023-11-23,BGN,1.9558
2023-11-23,BRL,5.3367
2023-11-23,CAD,1.494
2023-11-23,CHF,0.9644
2023-11-23,CNY,7.7852
2023-11-23,CZK,24.367
2023-11-23,DKK,7.4559
2023-11-23,GBP,0.8694
2023-11-23,HKD,8.5
2023-11-23,HUF,379.68
2023-11-23,IDR,16950
2023-11-23,ILS,4.0784
2023-11-23,INR,90.82
2023-11-23,ISK,152.9
2023-11-23,JPY,162.98
2023-11-23,KRW,1418.85
2023-11-23,MXN,18.7094
2023-11-23,MYR,5.1001
2023-11-23,NOK,11.711
2023-11-23,NZD,1.8052
2023-11-23,PHP,60.364
2023-11-23,PLN,4.3655
2023-11-23,RON,4.9699
2023-11-23,SEK,11.4385
2023-11-23,SGD,1.4618
2023-11-23,THB,38.444
2023-11-23,TRY,31.354
2023-11-23,USD,1.09
2023-11-23,ZAR,20.522
2023-11-24,AUD,1.6621
2023-11-24,BGN,1.9558
2023-11-24,BRL,5.3325
2023-11-24,CAD,1.4935
2023-11-24,CHF,0.964
2023-11-24,CNY,7.809
2023-11-24,CZK,24.406
2023-11-24,DKK,7.4559
2023-11-24,GBP,0.86818
2023-11-24,HKD,8.5086
2023-11-24,HUF,379.88
2023-11-24,IDR,16996
2023-11-24,ILS,4.0807
2023-11-24,INR,91.04
2023-11-24,ISK,150.3
2023-11-24,JPY,163.3
2023-11-24,KRW,1425.61
2023-11-24,MXN,18.6962
2023-11-24,MYR,5.1136
2023-11-24,NOK,11.7345
2023-11-24,NZD,1.7992
2023-11-24,PHP,60.507
2023-11-24,PLN,4.3638
2023-11-24,RON,4.9698
2023-11-24,SEK,11.439
2023-11-24,SGD,1.464
2023-11-24,THB,38.692
2023-11-24,TRY,31.527
2023-11-24,USD,1.0916
2023-11-24,ZAR,20.631
2023-11-27,AUD,1.6575
2023-11-27,BGN,1.9558
2023-11-27,BRL,5.3522
2023-11-27,CAD,1.4929
2023-11-27,CHF,0.964
2023-11-27,CNY,7.8331
2023-11-27,CZK,24.364
2023-11-27,DKK,7.4554
2023-11-27,GBP,0.86671
2023-11-27,HKD,8.531
2023-11-27,HUF,379.98
2023-11-27,IDR,16954
2023-11-27,ILS,4.0818
2023-11-27,INR,91.27
2023-11-27,ISK,150.5
2023-11-27,JPY,162.86
2023-11-27,KRW,1422.61
2023-11-27,MXN,18.6759
2023-11-27,MYR,5.1262
2023-11-27,NOK,11.684
2023-11-27,NZD,1.7955
2023-11-27,PHP,60.793
2023-11-27,PLN,4.359
2023-11-27,RON,4.9709
2023-11-27,SEK,11.421
2023-11-27,SGD,1.4641
2023-11-27,THB,38.389
2023-11-27,TRY,31.657
2023-11-27,USD,1.0951
2023-11-27,ZAR,20.409
2023-11-28,AUD,1.6567
2023-11-28,BGN,1.9558
2023-11-28,BRL,5.3593
2023-11-28,CAD,1.4887
2023-11-28,CHF,0.9645
2023-11-28,CNY,7.8323
2023-11-28,CZK,24.365
2023-11-28,DKK,7.456
2023-11-28,GBP,0.8682
2023-11-28,HKD,8.5368
2023-11-28,HUF,379.85
2023-11-28,IDR,16956
2023-11-28,ILS,4.0546
2023-11-28,INR,91.26
2023-11-28,ISK,150.9
2023-11-28,JPY,162.74
2023-11-28,KRW,1419.89
2023-11-28,MXN,18.8095
2023-11-28,MYR,5.1148
2023-11-28,NOK,11.7165
2023-11-28,NZD,1.798
2023-11-28,PHP,60.696
2023-11-28,PLN,4.3473
2023-11-28,RON,4.9726
2023-11-28,SEK,11.433
2023-11-28,SGD,1.463
2023-11-28,THB,38.234
2023-11-28,TRY,31.679
2023-11-28,USD,1.0949
2023-11-28,ZAR,20.483
2023-11-29,AUD,1.6586
2023-11-29,BGN,1.9558
2023-11-29,BRL,5.3785
2023-11-29,CAD,1.492
2023-11-29,CHF,0.9628
2023-11-29,CNY,7.8296
2023-11-29,CZK,24.26
2023-11-29,DKK,7.4565
2023-11-29,GBP,0.86525
2023-11-29,HKD,8.5711
2023-11-29,HUF,377.38
2023-11-29,IDR,16960
2023-11-29,ILS,4.0365
2023-11-29,INR,91.53
2023-11-29,ISK,150.5
2023-11-29,JPY,162.12
2023-11-29,KRW,1418.07
2023-11-29,MXN,18.8765
2023-11-29,MYR,5.1105
2023-11-29,NOK,11.6965
2023-11-29,NZD,1.7843
2023-11-29,PHP,60.835
2023-11-29,PLN,4.3355
2023-11-29,RON,4.9726
2023-11-29,SEK,11.3655
2023-11-29,SGD,1.4629
2023-11-29,THB,38.228
2023-11-29,TRY,31.763
2023-11-29,USD,1.0985
2023-11-29,ZAR,20.34
2023-11-30,AUD,1.6542
2023-11-30,BGN,1.9558
2023-11-30,BRL,5.3984
2023-11-30,CAD,1.487
2023-11-30,CHF,0.9562
2023-11-30,CNY,7.8008
2023-11-30,CZK,24.292
2023-11-30,DKK,7.4548
2023-11-30,GBP,0.86368
2023-11-30,HKD,8.5384
2023-11-30,HUF,380.75
2023-11-30,IDR,16981
2023-11-30,ILS,4.0597
2023-11-30,INR,91.11
2023-11-30,ISK,150.7
2023-11-30,JPY,161.19
2023-11-30,KRW,1418.78
2023-11-30,MXN,19.0235
2023-11-30,MYR,5.0933
2023-11-30,NOK,11.72
2023-11-30,NZD,1.7762
2023-11-30,PHP,60.623
2023-11-30,PLN,4.349
2023-11-30,RON,4.9718
2023-11-30,SEK,11.4308
2023-11-30,SGD,1.4602
2023-11-30,THB,38.494
2023-11-30,TRY,31.544
2023-11-30,USD,1.0931
2023-11-30,ZAR,20.57
2023-12-01,AUD,1.6448
2023-12-01,BGN,1.9558
2023-12-01,BRL,5.3538
2023-12-01,CAD,1.4736
2023-12-01,CHF,0.953
2023-12-01,CNY,7.7685
2023-12-01,CZK,24.331
2023-12-01,DKK,7.4543
2023-12-01,GBP,0.86045
2023-12-01,HKD,8.497
2023-12-01,HUF,379.7
2023-12-01,IDR,16840
2023-12-01,ILS,4.053
2023-12-01,INR,90.61
2023-12-01,ISK,150.9
2023-12-01,JPY,161.14
2023-12-01,KRW,1420.73
2023-12-01,MXN,18.8153
2023-12-01,MYR,5.0824
2023-12-01,NOK,11.698
2023-12-01,NZD,1.7638
2023-12-01,PHP,60.252
2023-12-01,PLN,4.343
2023-12-01,RON,4.9713
2023-12-01,SEK,11.3715
2023-12-01,SGD,1.4551
2023-12-01,THB,38.215
2023-12-01,TRY,31.445
2023-12-01,USD,1.0875
2023-12-01,ZAR,20.333
2023-12-04,AUD,1.6351
2023-12-04,BGN,1.9558
2023-12-04,BRL,5.3175
2023-12-04,CAD,1.4716
2023-12-04,CHF,0.9476
2023-12-04,CNY,7.758
2023-12-04,CZK,24.394
2023-12-04,DKK,7.4564
2023-12-04,GBP,0.8579
2023-12-04,HKD,8.4929
2023-12-04,HUF,379.28
2023-12-04,IDR,16820
2023-12-04,ILS,4.0403
2023-12-04,INR,90.62
2023-12-04,ISK,151.1
2023-12-04,JPY,159.47
2023-12-04,KRW,1417.9
2023-12-04,MXN,18.7638
2023-12-04,MYR,5.0618
2023-12-04,NOK,11.678
2023-12-04,NZD,1.7555
2023-12-04,PHP,60.127
2023-12-04,PLN,4.3393
2023-12-04,RON,4.9677
2023-12-04,SEK,11.321
2023-12-04,SGD,1.4515
2023-12-04,THB,38.035
2023-12-04,TRY,31.398
2023-12-04,USD,1.0868
2023-12-04,ZAR,20.363
2023-12-05,AUD,1.6492
2023-12-05,BGN,1.9558
2023-12-05,BRL,5.3636
2023-12-05,CAD,1.47
2023-12-05,CHF,0.9456
2023-12-05,CNY,7.7269
2023-12-05,CZK,24.369
2023-12-05,DKK,7.4559
2023-12-05,GBP,0.85723
2023-12-05,HKD,8.4562
2023-12-05,HUF,379.3
2023-12-05,IDR,16740
2023-12-05,ILS,4.031
2023-12-05,INR,90.19
2023-12-05,ISK,150.7
2023-12-05,JPY,159.13
2023-12-05,KRW,1422.18
2023-12-05,MXN,18.9133
2023-12-05,MYR,5.0483
2023-12-05,NOK,11.7865
2023-12-05,NZD,1.7637
2023-12-05,PHP,59.832
2023-12-05,PLN,4.3225
2023-12-05,RON,4.9671
2023-12-05,SEK,11.3095
2023-12-05,SGD,1.4487
2023-12-05,THB,38.133
2023-12-05,TRY,31.292
2023-12-05,USD,1.0817
2023-12-05,ZAR,20.472
2023-12-06,AUD,1.6391
2023-12-06,BGN,1.9558
2023-12-06,BRL,5.2994
2023-12-06,CAD,1.4616
2023-12-06,CHF,0.9429
2023-12-06,CNY,7.7148
2023-12-06,CZK,24.335
2023-12-06,DKK,7.4557
2023-12-06,GBP,0.8561
2023-12-06,HKD,8.4173
2023-12-06,HUF,380.57
2023-12-06,IDR,16732
2023-12-06,ILS,3.9969
2023-12-06,INR,89.83
2023-12-06,ISK,150.1
2023-12-06,JPY,158.7
2023-12-06,KRW,1417.89
2023-12-06,MXN,18.676
2023-12-06,MYR,5.0317
2023-12-06,NOK,11.796
2023-12-06,NZD,1.7509
2023-12-06,PHP,59.613
2023-12-06,PLN,4.3403
2023-12-06,RON,4.9687
2023-12-06,SEK,11.3065
2023-12-06,SGD,1.4452
2023-12-06,THB,37.895
2023-12-06,TRY,31.192
2023-12-06,USD,1.0778
2023-12-06,ZAR,20.44
2023-12-07,AUD,1.6407
2023-12-07,BGN,1.9558
2023-12-07,BRL,5.2614
2023-12-07,CAD,1.4656
2023-12-07,CHF,0.9446
2023-12-07,CNY,7.7058
2023-12-07,CZK,24.356
2023-12-07,DKK,7.4551
2023-12-07,GBP,0.8575
2023-12-07,HKD,8.4174
2023-12-07,HUF,381.38
2023-12-07,IDR,16738
2023-12-07,ILS,3.9861
2023-12-07,INR,89.79
2023-12-07,ISK,150.1
2023-12-07,JPY,156.18
2023-12-07,KRW,1421.02
2023-12-07,MXN,18.6551
2023-12-07,MYR,5.0344
2023-12-07,NOK,11.7535
2023-12-07,NZD,1.7554
2023-12-07,PHP,59.569
2023-12-07,PLN,4.3313
2023-12-07,RON,4.9658
2023-12-07,SEK,11.2557
2023-12-07,SGD,1.4436
2023-12-07,THB,37.925
2023-12-07,TRY,31.163
2023-12-07,USD,1.0771
2023-12-07,ZAR,20.206
2023-12-08,AUD,1.6327
2023-12-08,BGN,1.9558
2023-12-08,BRL,5.2933
2023-12-08,CAD,1.4627
2023-12-08,CHF,0.9438
2023-12-08,CNY,7.7179
2023-12-08,CZK,24.354
2023-12-08,DKK,7.4558
2023-12-08,GBP,0.8569
2023-12-08,HKD,8.419
2023-12-08,HUF,381.9
2023-12-08,IDR,16719
2023-12-08,ILS,3.9982
2023-12-08,INR,89.89
2023-12-08,ISK,150.1
2023-12-08,JPY,155.53
2023-12-08,KRW,1412.83
2023-12-08,MXN,18.7923
2023-12-08,MYR,5.0269
2023-12-08,NOK,11.727
2023-12-08,NZD,1.7532
2023-12-08,PHP,59.758
2023-12-08,PLN,4.3318
2023-12-08,RON,4.9683
2023-12-08,SEK,11.238
2023-12-08,SGD,1.4426
2023-12-08,THB,38.097
2023-12-08,TRY,31.234
2023-12-08,USD,1.0777
2023-12-08,ZAR,20.366
2023-12-11,AUD,1.642
2023-12-11,BGN,1.9558
2023-12-11,BRL,5.3169
2023-12-11,CAD,1.4609
2023-12-11,CHF,0.9478
2023-12-11,CNY,7.7206
2023-12-11,CZK,24.367
2023-12-11,DKK,7.4563
2023-12-11,GBP,0.8558
2023-12-11,HKD,8.3971
2023-12-11,HUF,381.9
2023-12-11,IDR,16858
2023-12-11,ILS,3.9977
2023-12-11,INR,89.68
2023-12-11,ISK,150.7
2023-12-11,JPY,157.54
2023-12-11,KRW,1420.71
2023-12-11,MXN,18.7319
2023-12-11,MYR,5.037
2023-12-11,NOK,11.795
2023-12-11,NZD,1.7608
2023-12-11,PHP,59.787
2023-12-11,PLN,4.3303
2023-12-11,RON,4.9707
2023-12-11,SEK,11.297
2023-12-11,SGD,1.4454
2023-12-11,THB,38.402
2023-12-11,TRY,31.187
2023-12-11,USD,1.0757
2023-12-11,ZAR,20.544
2023-12-12,AUD,1.6398
2023-12-12,BGN,1.9558
2023-12-12,BRL,5.3327
2023-12-12,CAD,1.4656
2023-12-12,CHF,0.9443
2023-12-12,CNY,7.7447
2023-12-12,CZK,24.42
2023-12-12,DKK,7.4569
2023-12-12,GBP,0.85928
2023-12-12,HKD,8.4377
2023-12-12,HUF,381.8
2023-12-12,IDR,16835
2023-12-12,ILS,4.0044
2023-12-12,INR,90.08
2023-12-12,ISK,151.1
2023-12-12,JPY,156.84
2023-12-12,KRW,1415.21
2023-12-12,MXN,18.7419
2023-12-12,MYR,5.0611
2023-12-12,NOK,11.778
2023-12-12,NZD,1.7573
2023-12-12,PHP,60.103
2023-12-12,PLN,4.3393
2023-12-12,RON,4.9732
2023-12-12,SEK,11.2815
2023-12-12,SGD,1.4479
2023-12-12,THB,38.543
2023-12-12,TRY,31.376
2023-12-12,USD,1.0804
2023-12-12,ZAR,20.43
2023-12-13,AUD,1.6452
2023-12-13,BGN,1.9558
2023-12-13,BRL,5.3609
2023-12-13,CAD,1.4644
2023-12-13,CHF,0.9452
2023-12-13,CNY,7.7426
2023-12-13,CZK,24.476
2023-12-13,DKK,7.4566
2023-12-13,GBP,0.8612
2023-12-13,HKD,8.4288
2023-12-13,HUF,380.9
2023-12-13,IDR,16862
2023-12-13,ILS,3.9971
2023-12-13,INR,89.96
2023-12-13,ISK,150.7
2023-12-13,JPY,157.13
2023-12-13,KRW,1422.86
2023-12-13,MXN,18.687
2023-12-13,MYR,5.0764
2023-12-13,NOK,11.825
2023-12-13,NZD,1.7691
2023-12-13,PHP,60.493
2023-12-13,PLN,4.326
2023-12-13,RON,4.9738
2023-12-13,SEK,11.277
2023-12-13,SGD,1.449
2023-12-13,THB,38.612
2023-12-13,TRY,31.34
2023-12-13,USD,1.0787
2023-12-13,ZAR,20.587
2023-12-14,AUD,1.6288
2023-12-14,BGN,1.9558
2023-12-14,BRL,5.3349
2023-12-14,CAD,1.4677
2023-12-14,CHF,0.949
2023-12-14,CNY,7.7866
2023-12-14,CZK,24.408
2023-12-14,DKK,7.4566
2023-12-14,GBP,0.85955
2023-12-14,HKD,8.5251
2023-12-14,HUF,379.43
2023-12-14,IDR,16923
2023-12-14,ILS,4.0264
2023-12-14,INR,90.99
2023-12-14,ISK,150.3
2023-12-14,JPY,154.8
2023-12-14,KRW,1412.66
2023-12-14,MXN,18.9001
2023-12-14,MYR,5.1019
2023-12-14,NOK,11.518
2023-12-14,NZD,1.7603
2023-12-14,PHP,60.852
2023-12-14,PLN,4.3123
2023-12-14,RON,4.9712
2023-12-14,SEK,11.18
2023-12-14,SGD,1.4527
2023-12-14,THB,38.146
2023-12-14,TRY,31.667
2023-12-14,USD,1.0919
2023-12-14,ZAR,20.269
2023-12-15,AUD,1.6324
2023-12-15,BGN,1.9558
2023-12-15,BRL,5.4085
2023-12-15,CAD,1.4653
2023-12-15,CHF,0.9488
2023-12-15,CNY,7.7812
2023-12-15,CZK,24.477
2023-12-15,DKK,7.4556
2023-12-15,GBP,0.85833
2023-12-15,HKD,8.5438
2023-12-15,HUF,382.53
2023-12-15,IDR,17028
2023-12-15,ILS,4.0167
2023-12-15,INR,90.94
2023-12-15,ISK,150.5
2023-12-15,JPY,155.15
2023-12-15,KRW,1423.27
2023-12-15,MXN,18.9342
2023-12-15,MYR,5.1123
2023-12-15,NOK,11.4495
2023-12-15,NZD,1.7612
2023-12-15,PHP,61.035
2023-12-15,PLN,4.309
2023-12-15,RON,4.971
2023-12-15,SEK,11.2125
2023-12-15,SGD,1.456
2023-12-15,THB,38.119
2023-12-15,TRY,31.796
2023-12-15,USD,1.0946
2023-12-15,ZAR,19.9801
2023-12-18,AUD,1.6225
2023-12-18,BGN,1.9558
2023-12-18,BRL,5.3935
2023-12-18,CAD,1.4584
2023-12-18,CHF,0.948
2023-12-18,CNY,7.7893
2023-12-18,CZK,24.543
2023-12-18,DKK,7.4549
2023-12-18,GBP,0.86263
2023-12-18,HKD,8.5135
2023-12-18,HUF,385.5
2023-12-18,IDR,16915
2023-12-18,ILS,3.9875
2023-12-18,INR,90.79
2023-12-18,ISK,150.7
2023-12-18,JPY,155.95
2023-12-18,KRW,1419.8
2023-12-18,MXN,18.8458
2023-12-18,MYR,5.1249
2023-12-18,NOK,11.3485
2023-12-18,NZD,1.7514
2023-12-18,PHP,60.966
2023-12-18,PLN,4.345
2023-12-18,RON,4.9687
2023-12-18,SEK,11.145
2023-12-18,SGD,1.4539
2023-12-18,THB,38.218
2023-12-18,TRY,31.729
2023-12-18,USD,1.0918
2023-12-18,ZAR,20.233
2023-12-19,AUD,1.6273
2023-12-19,BGN,1.9558
2023-12-19,BRL,5.3375
2023-12-19,CAD,1.4673
2023-12-19,CHF,0.947
2023-12-19,CNY,7.8231
2023-12-19,CZK,24.525
2023-12-19,DKK,7.4564
2023-12-19,GBP,0.86095
2023-12-19,HKD,8.5498
2023-12-19,HUF,382.98
2023-12-19,IDR,16998
2023-12-19,ILS,4.0015
2023-12-19,INR,91.18
2023-12-19,ISK,150.9
2023-12-19,JPY,158.2
2023-12-19,KRW,1430.22
2023-12-19,MXN,18.7406
2023-12-19,MYR,5.1319
2023-12-19,NOK,11.3655
2023-12-19,NZD,1.755
2023-12-19,PHP,61.343
2023-12-19,PLN,4.3373
2023-12-19,RON,4.9718
2023-12-19,SEK,11.175
2023-12-19,SGD,1.4589
2023-12-19,THB,38.315
2023-12-19,TRY,31.893
2023-12-19,USD,1.0962
2023-12-19,ZAR,20.257
2023-12-20,AUD,1.6186
2023-12-20,BGN,1.9558
2023-12-20,BRL,5.3287
2023-12-20,CAD,1.4609
2023-12-20,CHF,0.946
2023-12-20,CNY,7.8121
2023-12-20,CZK,24.538
2023-12-20,DKK,7.4565
2023-12-20,GBP,0.86555
2023-12-20,HKD,8.5439
2023-12-20,HUF,385.23
2023-12-20,IDR,16994
2023-12-20,ILS,3.9983
2023-12-20,INR,91.06
2023-12-20,ISK,150.3
2023-12-20,JPY,157.12
2023-12-20,KRW,1425.62
2023-12-20,MXN,18.6867
2023-12-20,MYR,5.0977
2023-12-20,NOK,11.2895
2023-12-20,NZD,1.7421
2023-12-20,PHP,60.991
2023-12-20,PLN,4.3413
2023-12-20,RON,4.9699
2023-12-20,SEK,11.129
2023-12-20,SGD,1.4562
2023-12-20,THB,38.252
2023-12-20,TRY,31.883
2023-12-20,USD,1.0944
2023-12-20,ZAR,20.111
2023-12-21,AUD,1.6243
2023-12-21,BGN,1.9558
2023-12-21,BRL,5.3688
2023-12-21,CAD,1.4668
2023-12-21,CHF,0.9432
2023-12-21,CNY,7.8426
2023-12-21,CZK,24.481
2023-12-21,DKK,7.4558
2023-12-21,GBP,0.86805
2023-12-21,HKD,8.5781
2023-12-21,HUF,382.4
2023-12-21,IDR,16989
2023-12-21,ILS,3.9718
2023-12-21,INR,91.43
2023-12-21,ISK,150.3
2023-12-21,JPY,156.79
2023-12-21,KRW,1431.04
2023-12-21,MXN,18.7425
2023-12-21,MYR,5.1131
2023-12-21,NOK,11.315
2023-12-21,NZD,1.7536
2023-12-21,PHP,60.978
2023-12-21,PLN,4.3403
2023-12-21,RON,4.9699
2023-12-21,SEK,11.099
2023-12-21,SGD,1.4598
2023-12-21,THB,38.276
2023-12-21,TRY,32.023
2023-12-21,USD,1.0983
2023-12-21,ZAR,20.136
2023-12-22,AUD,1.6197
2023-12-22,BGN,1.9558
2023-12-22,BRL,5.3624
2023-12-22,CAD,1.4639
2023-12-22,CHF,0.9417
2023-12-22,CNY,7.864
2023-12-22,CZK,24.589
2023-12-22,DKK,7.456
2023-12-22,GBP,0.8666
2023-12-22,HKD,8.6105
2023-12-22,HUF,381.93
2023-12-22,IDR,17030
2023-12-22,ILS,3.9764
2023-12-22,INR,91.63
2023-12-22,ISK,150.5
2023-12-22,JPY,156.66
2023-12-22,KRW,1430.05
2023-12-22,MXN,18.6955
2023-12-22,MYR,5.1059
2023-12-22,NOK,11.2705
2023-12-22,NZD,1.7505
2023-12-22,PHP,61.067
2023-12-22,PLN,4.342
2023-12-22,RON,4.9708
2023-12-22,SEK,11.0556
2023-12-22,SGD,1.4593
2023-12-22,THB,38.084
2023-12-22,TRY,32.204
2023-12-22,USD,1.1023
2023-12-22,ZAR,20.307
2023-12-27,AUD,1.617
2023-12-27,BGN,1.9558
2023-12-27,BRL,5.3434
2023-12-27,CAD,1.4612
2023-12-27,CHF,0.9438
2023-12-27,CNY,7.9086
2023-12-27,CZK,24.673
2023-12-27,DKK,7.4549
2023-12-27,GBP,0.8683
2023-12-27,HKD,8.6409
2023-12-27,HUF,381.63
2023-12-27,IDR,17060
2023-12-27,ILS,4.0028
2023-12-27,INR,92.19
2023-12-27,ISK,150.7
2023-12-27,JPY,157.81
2023-12-27,KRW,1432.67
2023-12-27,MXN,18.7422
2023-12-27,MYR,5.122
2023-12-27,NOK,11.2355
2023-12-27,NZD,1.7483
2023-12-27,PHP,61.619
2023-12-27,PLN,4.3308
2023-12-27,RON,4.9728
2023-12-27,SEK,11.066
2023-12-27,SGD,1.4628
2023-12-27,THB,38.097
2023-12-27,TRY,32.534
2023-12-27,USD,1.1065
2023-12-27,ZAR,20.429
2023-12-28,AUD,1.6246
2023-12-28,BGN,1.9558
2023-12-28,BRL,5.3739
2023-12-28,CAD,1.4698
2023-12-28,CHF,0.9302
2023-12-28,CNY,7.8941
2023-12-28,CZK,24.714
2023-12-28,DKK,7.4545
2023-12-28,GBP,0.8706
2023-12-28,HKD,8.6876
2023-12-28,HUF,383.1
2023-12-28,IDR,17137
2023-12-28,ILS,4.0221
2023-12-28,INR,92.45
2023-12-28,ISK,150.3
2023-12-28,JPY,156.57
2023-12-28,KRW,1429.08
2023-12-28,MXN,18.7767
2023-12-28,MYR,5.1213
2023-12-28,NOK,11.2625
2023-12-28,NZD,1.7536
2023-12-28,PHP,61.599
2023-12-28,PLN,4.3355
2023-12-28,RON,4.9753
2023-12-28,SEK,11.0382
2023-12-28,SGD,1.4643
2023-12-28,THB,37.999
2023-12-28,TRY,32.75
2023-12-28,USD,1.1114
2023-12-28,ZAR,20.6
2023-12-29,AUD,1.6263
2023-12-29,BGN,1.9558
2023-12-29,BRL,5.3618
2023-12-29,CAD,1.4642
2023-12-29,CHF,0.926
2023-12-29,CNY,7.8509
2023-12-29,CZK,24.724
2023-12-29,DKK,7.4529
2023-12-29,GBP,0.86905
2023-12-29,HKD,8.6314
2023-12-29,HUF,382.8
2023-12-29,IDR,17080
2023-12-29,ILS,3.9993
2023-12-29,INR,91.9
2023-12-29,ISK,150.5
2023-12-29,JPY,156.33
2023-12-29,KRW,1433.66
2023-12-29,MXN,18.7231
2023-12-29,MYR,5.0775
2023-12-29,NOK,11.2405
2023-12-29,NZD,1.7504
2023-12-29,PHP,61.283
2023-12-29,PLN,4.3395
2023-12-29,RON,4.9756
2023-12-29,SEK,11.096
2023-12-29,SGD,1.4591
2023-12-29,THB,37.973
2023-12-29,TRY,32.653
2023-12-29,USD,1.105
2023-12-29,ZAR,20.348
2024-01-02,AUD,1.6147
2024-01-02,BGN,1.9558
2024-01-02,BRL,5.3562
2024-01-02,CAD,1.4565
2024-01-02,CHF,0.9305
2024-01-02,CNY,7.8264
2024-01-02,CZK,24.687
2024-01-02,DKK,7.4551
2024-01-02,GBP,0.86645
2024-01-02,HKD,8.5609
2024-01-02,HUF,382.1
2024-01-02,IDR,17008
2024-01-02,ILS,3.9705
2024-01-02,INR,91.28
2024-01-02,ISK,150.7
2024-01-02,JPY,155.68
2024-01-02,KRW,1438.78
2024-01-02,MXN,18.6887
2024-01-02,MYR,5.0425
2024-01-02,NOK,11.2815
2024-01-02,NZD,1.7471
2024-01-02,PHP,60.981
2024-01-02,PLN,4.3708
2024-01-02,RON,4.9705
2024-01-02,SEK,11.1545
2024-01-02,SGD,1.4533
2024-01-02,THB,37.563
2024-01-02,TRY,32.568
2024-01-02,USD,1.0956
2024-01-02,ZAR,20.366
2024-01-03,AUD,1.6236
2024-01-03,BGN,1.9558
2024-01-03,BRL,5.3859
2024-01-03,CAD,1.4574
2024-01-03,CHF,0.9322
2024-01-03,CNY,7.8057
2024-01-03,CZK,24.675
2024-01-03,DKK,7.4581
2024-01-03,GBP,0.8647
2024-01-03,HKD,8.5257
2024-01-03,HUF,380.75
2024-01-03,IDR,16994
2024-01-03,ILS,3.9867
2024-01-03,INR,90.96
2024-01-03,ISK,150.7
2024-01-03,JPY,156.16
2024-01-03,KRW,1432.28
2024-01-03,MXN,18.6682
2024-01-03,MYR,5.0566
2024-01-03,NOK,11.32
2024-01-03,NZD,1.7515
2024-01-03,PHP,60.699
2024-01-03,PLN,4.3638
2024-01-03,RON,4.9725
2024-01-03,SEK,11.1915
2024-01-03,SGD,1.4503
2024-01-03,THB,37.616
2024-01-03,TRY,32.518
2024-01-03,USD,1.0919
2024-01-03,ZAR,20.533
2024-01-04,AUD,1.628
2024-01-04,BGN,1.9558
2024-01-04,BRL,5.3761
2024-01-04,CAD,1.4603
2024-01-04,CHF,0.9313
2024-01-04,CNY,7.833
2024-01-04,CZK,24.652
2024-01-04,DKK,7.459
2024-01-04,GBP,0.86278
2024-01-04,HKD,8.5523
2024-01-04,HUF,378.85
2024-01-04,IDR,16994
2024-01-04,ILS,3.9973
2024-01-04,INR,91.17
2024-01-04,ISK,150.5
2024-01-04,JPY,157.91
2024-01-04,KRW,1434.25
2024-01-04,MXN,18.6124
2024-01-04,MYR,5.0762
2024-01-04,NOK,11.2845
2024-01-04,NZD,1.7528
2024-01-04,PHP,60.833
2024-01-04,PLN,4.346
2024-01-04,RON,4.9733
2024-01-04,SEK,11.1905
2024-01-04,SGD,1.4546
2024-01-04,THB,37.75
2024-01-04,TRY,32.609
2024-01-04,USD,1.0953
2024-01-04,ZAR,20.427
2024-01-05,AUD,1.6337
2024-01-05,BGN,1.9558
2024-01-05,BRL,5.3724
2024-01-05,CAD,1.46
2024-01-05,CHF,0.932
2024-01-05,CNY,7.813
2024-01-05,CZK,24.616
2024-01-05,DKK,7.4584
2024-01-05,GBP,0.8621
2024-01-05,HKD,8.5297
2024-01-05,HUF,378.23
2024-01-05,IDR,16967
2024-01-05,ILS,4.0194
2024-01-05,INR,90.81
2024-01-05,ISK,150.5
2024-01-05,JPY,158.57
2024-01-05,KRW,1439.64
2024-01-05,MXN,18.6066
2024-01-05,MYR,5.0826
2024-01-05,NOK,11.309
2024-01-05,NZD,1.7564
2024-01-05,PHP,60.704
2024-01-05,PLN,4.3568
2024-01-05,RON,4.9737
2024-01-05,SEK,11.235
2024-01-05,SGD,1.4537
2024-01-05,THB,37.994
2024-01-05,TRY,32.589
2024-01-05,USD,1.0921
2024-01-05,ZAR,20.551
2024-01-08,AUD,1.6378
2024-01-08,BGN,1.9558
2024-01-08,BRL,5.3607
2024-01-08,CAD,1.4651
2024-01-08,CHF,0.9308
2024-01-08,CNY,7.8397
2024-01-08,CZK,24.488
2024-01-08,DKK,7.4615
2024-01-08,GBP,0.8615
2024-01-08,HKD,8.5459
2024-01-08,HUF,377.65
2024-01-08,IDR,16997
2024-01-08,ILS,4.0646
2024-01-08,INR,90.97
2024-01-08,ISK,150.7
2024-01-08,JPY,158.19
2024-01-08,KRW,1444.94
2024-01-08,MXN,18.4982
2024-01-08,MYR,5.091
2024-01-08,NOK,11.362
2024-01-08,NZD,1.7607
2024-01-08,PHP,60.914
2024-01-08,PLN,4.3465
2024-01-08,RON,4.9728
2024-01-08,SEK,11.2095
2024-01-08,SGD,1.457
2024-01-08,THB,38.338
2024-01-08,TRY,32.722
2024-01-08,USD,1.0946
2024-01-08,ZAR,20.498
2024-01-09,AUD,1.6339
2024-01-09,BGN,1.9558
2024-01-09,BRL,5.3475
2024-01-09,CAD,1.4613
2024-01-09,CHF,0.9313
2024-01-09,CNY,7.8381
2024-01-09,CZK,24.594
2024-01-09,DKK,7.4577
2024-01-09,GBP,0.85938
2024-01-09,HKD,8.5499
2024-01-09,HUF,378.83
2024-01-09,IDR,17006
2024-01-09,ILS,4.0782
2024-01-09,INR,90.92
2024-01-09,ISK,150.5
2024-01-09,JPY,157.63
2024-01-09,KRW,1442.62
2024-01-09,MXN,18.4514
2024-01-09,MYR,5.08
2024-01-09,NOK,11.308
2024-01-09,NZD,1.7526
2024-01-09,PHP,61.308
2024-01-09,PLN,4.3448
2024-01-09,RON,4.9716
2024-01-09,SEK,11.2115
2024-01-09,SGD,1.4557
2024-01-09,THB,38.252
2024-01-09,TRY,32.753
2024-01-09,USD,1.094
2024-01-09,ZAR,20.438
2024-01-10,AUD,1.6334
2024-01-10,BGN,1.9558
2024-01-10,BRL,5.3508
2024-01-10,CAD,1.4649
2024-01-10,CHF,0.9336
2024-01-10,CNY,7.8476
2024-01-10,CZK,24.562
2024-01-10,DKK,7.4582
2024-01-10,GBP,0.86023
2024-01-10,HKD,8.5602
2024-01-10,HUF,378.35
2024-01-10,IDR,17032
2024-01-10,ILS,4.1184
2024-01-10,INR,90.88
2024-01-10,ISK,150.1
2024-01-10,JPY,159.03
2024-01-10,KRW,1443.77
2024-01-10,MXN,18.5983
2024-01-10,MYR,5.0806
2024-01-10,NOK,11.2915
2024-01-10,NZD,1.7567
2024-01-10,PHP,61.593
2024-01-10,PLN,4.341
2024-01-10,RON,4.9728
2024-01-10,SEK,11.197
2024-01-10,SGD,1.4573
2024-01-10,THB,38.338
2024-01-10,TRY,32.809
2024-01-10,USD,1.0946
2024-01-10,ZAR,20.414
2024-01-11,AUD,1.6369
2024-01-11,BGN,1.9558
2024-01-11,BRL,5.3606
2024-01-11,CAD,1.4677
2024-01-11,CHF,0.9338
2024-01-11,CNY,7.8649
2024-01-11,CZK,24.659
2024-01-11,DKK,7.4568
2024-01-11,GBP,0.86145
2024-01-11,HKD,8.5899
2024-01-11,HUF,378.83
2024-01-11,IDR,17085
2024-01-11,ILS,4.1044
2024-01-11,INR,91.21
2024-01-11,ISK,150.1
2024-01-11,JPY,159.71
2024-01-11,KRW,1444.39
2024-01-11,MXN,18.6688
2024-01-11,MYR,5.1046
2024-01-11,NOK,11.3283
2024-01-11,NZD,1.7577
2024-01-11,PHP,61.516
2024-01-11,PLN,4.349
2024-01-11,RON,4.9722
2024-01-11,SEK,11.197
2024-01-11,SGD,1.46
2024-01-11,THB,38.449
2024-01-11,TRY,32.958
2024-01-11,USD,1.0987
2024-01-11,ZAR,20.433
2024-01-12,AUD,1.6375
2024-01-12,BGN,1.9558
2024-01-12,BRL,5.3309
2024-01-12,CAD,1.4634
2024-01-12,CHF,0.935
2024-01-12,CNY,7.8451
2024-01-12,CZK,24.689
2024-01-12,DKK,7.4565
2024-01-12,GBP,0.8595
2024-01-12,HKD,8.5599
2024-01-12,HUF,379.35
2024-01-12,IDR,17037
2024-01-12,ILS,4.0917
2024-01-12,INR,90.74
2024-01-12,ISK,150.1
2024-01-12,JPY,159.17
2024-01-12,KRW,1438.73
2024-01-12,MXN,18.4931
2024-01-12,MYR,5.0853
2024-01-12,NOK,11.2765
2024-01-12,NZD,1.7552
2024-01-12,PHP,61.092
2024-01-12,PLN,4.3628
2024-01-12,RON,4.9731
2024-01-12,SEK,11.26
2024-01-12,SGD,1.4583
2024-01-12,THB,38.406
2024-01-12,TRY,32.93
2024-01-12,USD,1.0942
2024-01-12,ZAR,20.441
2024-01-15,AUD,1.6449
2024-01-15,BGN,1.9558
2024-01-15,BRL,5.3333
2024-01-15,CAD,1.4695
2024-01-15,CHF,0.9351
2024-01-15,CNY,7.8529
2024-01-15,CZK,24.714
2024-01-15,DKK,7.459
2024-01-15,GBP,0.86075
2024-01-15,HKD,8.5599
2024-01-15,HUF,379.68
2024-01-15,IDR,17032
2024-01-15,ILS,4.1074
2024-01-15,INR,90.7
2024-01-15,ISK,149.7
2024-01-15,JPY,159.67
2024-01-15,KRW,1446.95
2024-01-15,MXN,18.4899
2024-01-15,MYR,5.1108
2024-01-15,NOK,11.314
2024-01-15,NZD,1.7679
2024-01-15,PHP,61.073
2024-01-15,PLN,4.3625
2024-01-15,RON,4.9743
2024-01-15,SEK,11.278
2024-01-15,SGD,1.4601
2024-01-15,THB,38.272
2024-01-15,TRY,32.944
2024-01-15,USD,1.0945
2024-01-15,ZAR,20.431
2024-01-16,AUD,1.6484
2024-01-16,BGN,1.9558
2024-01-16,BRL,5.3184
2024-01-16,CAD,1.4661
2024-01-16,CHF,0.9361
2024-01-16,CNY,7.8237
2024-01-16,CZK,24.71
2024-01-16,DKK,7.4582
2024-01-16,GBP,0.86078
2024-01-16,HKD,8.516
2024-01-16,HUF,379.36
2024-01-16,IDR,16986
2024-01-16,ILS,4.0985
2024-01-16,INR,90.42
2024-01-16,ISK,149.3
2024-01-16,JPY,159.64
2024-01-16,KRW,1454.92
2024-01-16,MXN,18.539
2024-01-16,MYR,5.1058
2024-01-16,NOK,11.3335
2024-01-16,NZD,1.7681
2024-01-16,PHP,60.939
2024-01-16,PLN,4.387
2024-01-16,RON,4.9763
2024-01-16,SEK,11.3215
2024-01-16,SGD,1.4589
2024-01-16,THB,38.522
2024-01-16,TRY,32.762
2024-01-16,USD,1.0882
2024-01-16,ZAR,20.553
2024-01-17,AUD,1.6592
2024-01-17,BGN,1.9558
2024-01-17,BRL,5.3673
2024-01-17,CAD,1.4701
2024-01-17,CHF,0.9406
2024-01-17,CNY,7.8262
2024-01-17,CZK,24.755
2024-01-17,DKK,7.4586
2024-01-17,GBP,0.85818
2024-01-17,HKD,8.511
2024-01-17,HUF,380.86
2024-01-17,IDR,17001
2024-01-17,ILS,4.1149
2024-01-17,INR,90.43
2024-01-17,ISK,149.5
2024-01-17,JPY,160.65
2024-01-17,KRW,1463.11
2024-01-17,MXN,18.8054
2024-01-17,MYR,5.1312
2024-01-17,NOK,11.4335
2024-01-17,NZD,1.7779
2024-01-17,PHP,60.819
2024-01-17,PLN,4.3993
2024-01-17,RON,4.9755
2024-01-17,SEK,11.3925
2024-01-17,SGD,1.4615
2024-01-17,THB,38.624
2024-01-17,TRY,32.78
2024-01-17,USD,1.0877
2024-01-17,ZAR,20.733
2024-01-18,AUD,1.6579
2024-01-18,BGN,1.9558
2024-01-18,BRL,5.3551
2024-01-18,CAD,1.4681
2024-01-18,CHF,0.9432
2024-01-18,CNY,7.8231
2024-01-18,CZK,24.734
2024-01-18,DKK,7.4571
2024-01-18,GBP,0.85773
2024-01-18,HKD,8.5062
2024-01-18,HUF,382.0
2024-01-18,IDR,16976
2024-01-18,ILS,4.0972
2024-01-18,INR,90.43
2024-01-18,ISK,149.5
2024-01-18,JPY,160.89
2024-01-18,KRW,1455.8
2024-01-18,MXN,18.686
2024-01-18,MYR,5.1308
2024-01-18,NOK,11.446
2024-01-18,NZD,1.7802
2024-01-18,PHP,60.726
2024-01-18,PLN,4.399
2024-01-18,RON,4.9772
2024-01-18,SEK,11.364
2024-01-18,SGD,1.4619
2024-01-18,THB,38.71
2024-01-18,TRY,32.786
2024-01-18,USD,1.0875
2024-01-18,ZAR,20.597
2024-01-19,AUD,1.65
2024-01-19,BGN,1.9558
2024-01-19,BRL,5.3444
2024-01-19,CAD,1.4656
2024-01-19,CHF,0.9459
2024-01-19,CNY,7.8291
2024-01-19,CZK,24.813
2024-01-19,DKK,7.4575
2024-01-19,GBP,0.85825
2024-01-19,HKD,8.5128
2024-01-19,HUF,381.53
2024-01-19,IDR,16992
2024-01-19,ILS,4.0721
2024-01-19,INR,90.45
2024-01-19,ISK,148.9
2024-01-19,JPY,161.17
2024-01-19,KRW,1451.99
2024-01-19,MXN,18.6494
2024-01-19,MYR,5.1359
2024-01-19,NOK,11.41
2024-01-19,NZD,1.7798
2024-01-19,PHP,60.956
2024-01-19,PLN,4.3618
2024-01-19,RON,4.9776
2024-01-19,SEK,11.38
2024-01-19,SGD,1.4599
2024-01-19,THB,38.605
2024-01-19,TRY,32.871
2024-01-19,USD,1.0887
2024-01-19,ZAR,20.689
2024-01-22,AUD,1.652
2024-01-22,BGN,1.9558
2024-01-22,BRL,5.3738
2024-01-22,CAD,1.462
2024-01-22,CHF,0.9458
2024-01-22,CNY,7.8349
2024-01-22,CZK,24.758
2024-01-22,DKK,7.4585
2024-01-22,GBP,0.85575
2024-01-22,HKD,8.513
2024-01-22,HUF,383.68
2024-01-22,IDR,17076
2024-01-22,ILS,4.1003
2024-01-22,INR,90.53
2024-01-22,ISK,148.5
2024-01-22,JPY,160.95
2024-01-22,KRW,1458.19
2024-01-22,MXN,18.5897
2024-01-22,MYR,5.1472
2024-01-22,NOK,11.441
2024-01-22,NZD,1.78
2024-01-22,PHP,61.273
2024-01-22,PLN,4.364
2024-01-22,RON,4.9776
2024-01-22,SEK,11.3545
2024-01-22,SGD,1.4606
2024-01-22,THB,38.807
2024-01-22,TRY,32.934
2024-01-22,USD,1.089
2024-01-22,ZAR,20.885
2024-01-23,AUD,1.6493
2024-01-23,BGN,1.9558
2024-01-23,BRL,5.3981
2024-01-23,CAD,1.4648
2024-01-23,CHF,0.9446
2024-01-23,CNY,7.7953
2024-01-23,CZK,24.824
2024-01-23,DKK,7.4574
2024-01-23,GBP,0.85493
2024-01-23,HKD,8.5046
2024-01-23,HUF,385.15
2024-01-23,IDR,17081
2024-01-23,ILS,4.0931
2024-01-23,INR,90.37
2024-01-23,ISK,148.7
2024-01-23,JPY,160.88
2024-01-23,KRW,1454.29
2024-01-23,MXN,18.7548
2024-01-23,MYR,5.1392
2024-01-23,NOK,11.4298
2024-01-23,NZD,1.7839
2024-01-23,PHP,61.101
2024-01-23,PLN,4.383
2024-01-23,RON,4.9769
2024-01-23,SEK,11.347
2024-01-23,SGD,1.4568
2024-01-23,THB,38.827
2024-01-23,TRY,32.92
2024-01-23,USD,1.0872
2024-01-23,ZAR,20.702
2024-01-24,AUD,1.652
2024-01-24,BGN,1.9558
2024-01-24,BRL,5.3587
2024-01-24,CAD,1.4669
2024-01-24,CHF,0.9415
2024-01-24,CNY,7.7996
2024-01-24,CZK,24.786
2024-01-24,DKK,7.4568
2024-01-24,GBP,0.85543
2024-01-24,HKD,8.5265
2024-01-24,HUF,385.43
2024-01-24,IDR,17107
2024-01-24,ILS,4.0495
2024-01-24,INR,90.63
2024-01-24,ISK,147.9
2024-01-24,JPY,160.46
2024-01-24,KRW,1453.17
2024-01-24,MXN,18.7537
2024-01-24,MYR,5.1597
2024-01-24,NOK,11.4155
2024-01-24,NZD,1.7785
2024-01-24,PHP,61.362
2024-01-24,PLN,4.3725
2024-01-24,RON,4.9773
2024-01-24,SEK,11.3585
2024-01-24,SGD,1.4585
2024-01-24,THB,38.805
2024-01-24,TRY,32.897
2024-01-24,USD,1.0905
2024-01-24,ZAR,20.537
2024-01-25,AUD,1.6537
2024-01-25,BGN,1.9558
2024-01-25,BRL,5.3664
2024-01-25,CAD,1.4714
2024-01-25,CHF,0.942
2024-01-25,CNY,7.8093
2024-01-25,CZK,24.756
2024-01-25,DKK,7.456
2024-01-25,GBP,0.85538
2024-01-25,HKD,8.5136
2024-01-25,HUF,385.18
2024-01-25,IDR,17267
2024-01-25,ILS,4.0319
2024-01-25,INR,90.55
2024-01-25,ISK,148.1
2024-01-25,JPY,160.81
2024-01-25,KRW,1456.25
2024-01-25,MXN,18.7648
2024-01-25,MYR,5.154
2024-01-25,NOK,11.3905
2024-01-25,NZD,1.7805
2024-01-25,PHP,61.556
2024-01-25,PLN,4.3765
2024-01-25,RON,4.9768
2024-01-25,SEK,11.35
2024-01-25,SGD,1.4591
2024-01-25,THB,38.926
2024-01-25,TRY,32.989
2024-01-25,USD,1.0893
2024-01-25,ZAR,20.581
2024-01-26,AUD,1.6483
2024-01-26,BGN,1.9558
2024-01-26,BRL,5.3366
2024-01-26,CAD,1.4607
2024-01-26,CHF,0.9396
2024-01-26,CNY,7.7994
2024-01-26,CZK,24.748
2024-01-26,DKK,7.4549
2024-01-26,GBP,0.85368
2024-01-26,HKD,8.4933
2024-01-26,HUF,386.95
2024-01-26,IDR,17132
2024-01-26,ILS,4.0057
2024-01-26,INR,90.37
2024-01-26,ISK,148.3
2024-01-26,JPY,160.62
2024-01-26,KRW,1451.08
2024-01-26,MXN,18.6582
2024-01-26,MYR,5.1393
2024-01-26,NOK,11.3325
2024-01-26,NZD,1.7801
2024-01-26,PHP,61.28
2024-01-26,PLN,4.3775
2024-01-26,RON,4.9765
2024-01-26,SEK,11.3203
2024-01-26,SGD,1.457
2024-01-26,THB,38.679
2024-01-26,TRY,32.944
2024-01-26,USD,1.0871
2024-01-26,ZAR,20.426
2024-01-29,AUD,1.6398
2024-01-29,BGN,1.9558
2024-01-29,BRL,5.3134
2024-01-29,CAD,1.4542
2024-01-29,CHF,0.9339
2024-01-29,CNY,7.7702
2024-01-29,CZK,24.806
2024-01-29,DKK,7.4538
2024-01-29,GBP,0.8525
2024-01-29,HKD,8.4549
2024-01-29,HUF,390.03
2024-01-29,IDR,17127
2024-01-29,ILS,3.9834
2024-01-29,INR,90.0
2024-01-29,ISK,148.5
2024-01-29,JPY,160.13
2024-01-29,KRW,1445.6
2024-01-29,MXN,18.5591
2024-01-29,MYR,5.1236
2024-01-29,NOK,11.305
2024-01-29,NZD,1.7696
2024-01-29,PHP,61.053
2024-01-29,PLN,4.366
2024-01-29,RON,4.9773
2024-01-29,SEK,11.3562
2024-01-29,SGD,1.4516
2024-01-29,THB,38.487
2024-01-29,TRY,32.851
2024-01-29,USD,1.0823
2024-01-29,ZAR,20.302
2024-01-30,AUD,1.6462
2024-01-30,BGN,1.9558
2024-01-30,BRL,5.3697
2024-01-30,CAD,1.4564
2024-01-30,CHF,0.9365
2024-01-30,CNY,7.7866
2024-01-30,CZK,24.831
2024-01-30,DKK,7.4543
2024-01-30,GBP,0.85628
2024-01-30,HKD,8.4775
2024-01-30,HUF,387.23
2024-01-30,IDR,17113
2024-01-30,ILS,3.9566
2024-01-30,INR,90.16
2024-01-30,ISK,148.3
2024-01-30,JPY,159.97
2024-01-30,KRW,1442.67
2024-01-30,MXN,18.6729
2024-01-30,MYR,5.1274
2024-01-30,NOK,11.3383
2024-01-30,NZD,1.7721
2024-01-30,PHP,61.171
2024-01-30,PLN,4.3618
2024-01-30,RON,4.9768
2024-01-30,SEK,11.2971
2024-01-30,SGD,1.4534
2024-01-30,THB,38.384
2024-01-30,TRY,32.928
2024-01-30,USD,1.0846
2024-01-30,ZAR,20.493
2024-01-31,AUD,1.6468
2024-01-31,BGN,1.9558
2024-01-31,BRL,5.3749
2024-01-31,CAD,1.4558
2024-01-31,CHF,0.9348
2024-01-31,CNY,7.7789
2024-01-31,CZK,24.891
2024-01-31,DKK,7.455
2024-01-31,GBP,0.85435
2024-01-31,HKD,8.4734
2024-01-31,HUF,384.9
2024-01-31,IDR,17076
2024-01-31,ILS,3.9431
2024-01-31,INR,90.0
2024-01-31,ISK,148.3
2024-01-31,JPY,160.19
2024-01-31,KRW,1444.63
2024-01-31,MXN,18.5817
2024-01-31,MYR,5.1259
2024-01-31,NOK,11.351
2024-01-31,NZD,1.7705
2024-01-31,PHP,61.023
2024-01-31,PLN,4.333
2024-01-31,RON,4.9758
2024-01-31,SEK,11.2682
2024-01-31,SGD,1.4517
2024-01-31,THB,38.461
2024-01-31,TRY,32.898
2024-01-31,USD,1.0837
2024-01-31,ZAR,20.324
2024-02-01,AUD,1.6594
2024-02-01,BGN,1.9558
2024-02-01,BRL,5.3578
2024-02-01,CAD,1.4544
2024-02-01,CHF,0.9336
2024-02-01,CNY,7.7668
2024-02-01,CZK,24.89
2024-02-01,DKK,7.4542
2024-02-01,GBP,0.85353
2024-02-01,HKD,8.4563
2024-02-01,HUF,383.35
2024-02-01,IDR,17050
2024-02-01,ILS,3.9543
2024-02-01,INR,89.73
2024-02-01,ISK,148.3
2024-02-01,JPY,158.96
2024-02-01,KRW,1442.43
2024-02-01,MXN,18.6195
2024-02-01,MYR,5.115
2024-02-01,NOK,11.3665
2024-02-01,NZD,1.7757
2024-02-01,PHP,60.645
2024-02-01,PLN,4.3373
2024-02-01,RON,4.974
2024-02-01,SEK,11.3354
2024-02-01,SGD,1.4499
2024-02-01,THB,38.401
2024-02-01,TRY,32.838
2024-02-01,USD,1.0814
2024-02-01,ZAR,20.234
2024-02-02,AUD,1.6468
2024-02-02,BGN,1.9558
2024-02-02,BRL,5.3471
2024-02-02,CAD,1.4556
2024-02-02,CHF,0.9315
2024-02-02,CNY,7.8111
2024-02-02,CZK,24.875
2024-02-02,DKK,7.454
2024-02-02,GBP,0.85263
2024-02-02,HKD,8.509
2024-02-02,HUF,383.73
2024-02-02,IDR,17013
2024-02-02,ILS,3.9685
2024-02-02,INR,90.23
2024-02-02,ISK,148.3
2024-02-02,JPY,159.58
2024-02-02,KRW,1440.7
2024-02-02,MXN,18.5579
2024-02-02,MYR,5.1332
2024-02-02,NOK,11.387
2024-02-02,NZD,1.7673
2024-02-02,PHP,60.825
2024-02-02,PLN,4.3175
2024-02-02,RON,4.9727
2024-02-02,SEK,11.268
2024-02-02,SGD,1.4533
2024-02-02,THB,38.341
2024-02-02,TRY,33.144
2024-02-02,USD,1.0883
2024-02-02,ZAR,20.297
2024-02-05,AUD,1.6562
2024-02-05,BGN,1.9558
2024-02-05,BRL,5.3694
2024-02-05,CAD,1.4507
2024-02-05,CHF,0.9347
2024-02-05,CNY,7.735
2024-02-05,CZK,25.006
2024-02-05,DKK,7.456
2024-02-05,GBP,0.85595
2024-02-05,HKD,8.4053
2024-02-05,HUF,385.3
2024-02-05,IDR,16936
2024-02-05,ILS,3.9494
2024-02-05,INR,89.25
2024-02-05,ISK,148.1
2024-02-05,JPY,159.72
2024-02-05,KRW,1434.09
2024-02-05,MXN,18.4781
2024-02-05,MYR,5.1049
2024-02-05,NOK,11.465
2024-02-05,NZD,1.7755
2024-02-05,PHP,60.568
2024-02-05,PLN,4.3343
2024-02-05,RON,4.974
2024-02-05,SEK,11.374
2024-02-05,SGD,1.4474
2024-02-05,THB,38.492
2024-02-05,TRY,32.831
2024-02-05,USD,1.0746
2024-02-05,ZAR,20.423
2024-02-06,AUD,1.6515
2024-02-06,BGN,1.9558
2024-02-06,BRL,5.338
2024-02-06,CAD,1.4526
2024-02-06,CHF,0.9366
2024-02-06,CNY,7.7231
2024-02-06,CZK,24.925
2024-02-06,DKK,7.4605
2024-02-06,GBP,0.8546
2024-02-06,HKD,8.4042
2024-02-06,HUF,386.85
2024-02-06,IDR,16909
2024-02-06,ILS,3.9195
2024-02-06,INR,89.22
2024-02-06,ISK,148.1
2024-02-06,JPY,159.56
2024-02-06,KRW,1426.76
2024-02-06,MXN,18.32
2024-02-06,MYR,5.1196
2024-02-06,NOK,11.458
2024-02-06,NZD,1.7713
2024-02-06,PHP,60.376
2024-02-06,PLN,4.3463
2024-02-06,RON,4.9763
2024-02-06,SEK,11.3825
2024-02-06,SGD,1.4448
2024-02-06,THB,38.267
2024-02-06,TRY,32.832
2024-02-06,USD,1.0743
2024-02-06,ZAR,20.327
2024-02-07,AUD,1.6504
2024-02-07,BGN,1.9558
2024-02-07,BRL,5.344
2024-02-07,CAD,1.4501
2024-02-07,CHF,0.9393
2024-02-07,CNY,7.7529
2024-02-07,CZK,24.984
2024-02-07,DKK,7.4586
2024-02-07,GBP,0.85305
2024-02-07,HKD,8.4273
2024-02-07,HUF,388.15
2024-02-07,IDR,16874
2024-02-07,ILS,3.9231
2024-02-07,INR,89.42
2024-02-07,ISK,148.3
2024-02-07,JPY,159.71
2024-02-07,KRW,1429.92
2024-02-07,MXN,18.3821
2024-02-07,MYR,5.1305
2024-02-07,NOK,11.376
2024-02-07,NZD,1.7622
2024-02-07,PHP,60.302
2024-02-07,PLN,4.3453
2024-02-07,RON,4.9769
2024-02-07,SEK,11.2725
2024-02-07,SGD,1.4472
2024-02-07,THB,38.384
2024-02-07,TRY,32.974
2024-02-07,USD,1.0776
2024-02-07,ZAR,20.369
2024-02-08,AUD,1.6569
2024-02-08,BGN,1.9558
2024-02-08,BRL,5.3546
2024-02-08,CAD,1.4505
2024-02-08,CHF,0.9409
2024-02-08,CNY,7.742
2024-02-08,CZK,24.954
2024-02-08,DKK,7.4562
2024-02-08,GBP,0.85378
2024-02-08,HKD,8.4139
2024-02-08,HUF,387.03
2024-02-08,IDR,16843
2024-02-08,ILS,3.9612
2024-02-08,INR,89.28
2024-02-08,ISK,149.5
2024-02-08,JPY,160.55
2024-02-08,KRW,1433.01
2024-02-08,MXN,18.3777
2024-02-08,MYR,5.131
2024-02-08,NOK,11.412
2024-02-08,NZD,1.7668
2024-02-08,PHP,60.148
2024-02-08,PLN,4.3375
2024-02-08,RON,4.9771
2024-02-08,SEK,11.2705
2024-02-08,SGD,1.4489
2024-02-08,THB,38.621
2024-02-08,TRY,32.924
2024-02-08,USD,1.0758
2024-02-08,ZAR,20.393
2024-02-09,AUD,1.6543
2024-02-09,BGN,1.9558
2024-02-09,BRL,5.3637
2024-02-09,CAD,1.4486
2024-02-09,CHF,0.9432
2024-02-09,CNY,7.7489
2024-02-09,CZK,25.172
2024-02-09,DKK,7.4536
2024-02-09,GBP,0.8544
2024-02-09,HKD,8.4237
2024-02-09,HUF,387.98
2024-02-09,IDR,16844
2024-02-09,ILS,3.9689
2024-02-09,INR,89.44
2024-02-09,ISK,148.1
2024-02-09,JPY,161.0
2024-02-09,KRW,1435.25
2024-02-09,MXN,18.4448
2024-02-09,MYR,5.1329
2024-02-09,NOK,11.399
2024-02-09,NZD,1.7553
2024-02-09,PHP,60.215
2024-02-09,PLN,4.3206
2024-02-09,RON,4.9773
2024-02-09,SEK,11.2815
2024-02-09,SGD,1.4503
2024-02-09,THB,38.72
2024-02-09,TRY,33.052
2024-02-09,USD,1.0772
2024-02-09,ZAR,20.485
2024-02-12,AUD,1.6505
2024-02-12,BGN,1.9558
2024-02-12,BRL,5.3366
2024-02-12,CAD,1.4504
2024-02-12,CHF,0.943
2024-02-12,CNY,7.7497
2024-02-12,CZK,25.217
2024-02-12,DKK,7.4548
2024-02-12,GBP,0.85391
2024-02-12,HKD,8.4245
2024-02-12,HUF,387.3
2024-02-12,IDR,16793
2024-02-12,ILS,3.954
2024-02-12,INR,89.43
2024-02-12,ISK,148.3
2024-02-12,JPY,160.51
2024-02-12,KRW,1431.54
2024-02-12,MXN,18.3703
2024-02-12,MYR,5.1344
2024-02-12,NOK,11.32
2024-02-12,NZD,1.7568
2024-02-12,PHP,60.31
2024-02-12,PLN,4.3198
2024-02-12,RON,4.9743
2024-02-12,SEK,11.232
2024-02-12,SGD,1.4484
2024-02-12,THB,38.621
2024-02-12,TRY,33.077
2024-02-12,USD,1.0773
2024-02-12,ZAR,20.466
2024-02-13,AUD,1.6526
2024-02-13,BGN,1.9558
2024-02-13,BRL,5.3465
2024-02-13,CAD,1.4511
2024-02-13,CHF,0.9481
2024-02-13,CNY,7.7641
2024-02-13,CZK,25.285
2024-02-13,DKK,7.4548
2024-02-13,GBP,0.85098
2024-02-13,HKD,8.4372
2024-02-13,HUF,387.0
2024-02-13,IDR,16850
2024-02-13,ILS,3.9322
2024-02-13,INR,89.58
2024-02-13,ISK,148.7
2024-02-13,JPY,161.17
2024-02-13,KRW,1434.64
2024-02-13,MXN,18.4272
2024-02-13,MYR,5.1439
2024-02-13,NOK,11.302
2024-02-13,NZD,1.7636
2024-02-13,PHP,60.398
2024-02-13,PLN,4.3198
2024-02-13,RON,4.9759
2024-02-13,SEK,11.251
2024-02-13,SGD,1.451
2024-02-13,THB,38.52
2024-02-13,TRY,33.16
2024-02-13,USD,1.0793
2024-02-13,ZAR,20.318
2024-02-14,AUD,1.6521
2024-02-14,BGN,1.9558
2024-02-14,BRL,5.3069
2024-02-14,CAD,1.4509
2024-02-14,CHF,0.9493
2024-02-14,CNY,7.7065
2024-02-14,CZK,25.348
2024-02-14,DKK,7.4537
2024-02-14,GBP,0.85258
2024-02-14,HKD,8.3754
2024-02-14,HUF,388.73
2024-02-14,IDR,16717
2024-02-14,ILS,3.922
2024-02-14,INR,88.96
2024-02-14,ISK,148.7
2024-02-14,JPY,161.28
2024-02-14,KRW,1428.41
2024-02-14,MXN,18.3559
2024-02-14,MYR,5.1271
2024-02-14,NOK,11.3375
2024-02-14,NZD,1.7607
2024-02-14,PHP,60.164
2024-02-14,PLN,4.3415
2024-02-14,RON,4.9754
2024-02-14,SEK,11.3127
2024-02-14,SGD,1.4451
2024-02-14,THB,38.76
2024-02-14,TRY,32.942
2024-02-14,USD,1.0713
2024-02-14,ZAR,20.398
2024-02-15,AUD,1.6525
2024-02-15,BGN,1.9558
2024-02-15,BRL,5.3401
2024-02-15,CAD,1.4547
2024-02-15,CHF,0.9484
2024-02-15,CNY,7.7288
2024-02-15,CZK,25.416
2024-02-15,DKK,7.4547
2024-02-15,GBP,0.85635
2024-02-15,HKD,8.4009
2024-02-15,HUF,389.1
2024-02-15,IDR,16765
2024-02-15,ILS,3.8971
2024-02-15,INR,89.22
2024-02-15,ISK,148.7
2024-02-15,JPY,161.26
2024-02-15,KRW,1429.35
2024-02-15,MXN,18.3562
2024-02-15,MYR,5.1363
2024-02-15,NOK,11.361
2024-02-15,NZD,1.7625
2024-02-15,PHP,60.096
2024-02-15,PLN,4.344
2024-02-15,RON,4.9771
2024-02-15,SEK,11.2575
2024-02-15,SGD,1.4472
2024-02-15,THB,38.829
2024-02-15,TRY,33.025
2024-02-15,USD,1.0743
2024-02-15,ZAR,20.437
2024-02-16,AUD,1.6517
2024-02-16,BGN,1.9558
2024-02-16,BRL,5.3551
2024-02-16,CAD,1.4518
2024-02-16,CHF,0.9491
2024-02-16,CNY,7.7461
2024-02-16,CZK,25.46
2024-02-16,DKK,7.4546
2024-02-16,GBP,0.85605
2024-02-16,HKD,8.4236
2024-02-16,HUF,389.13
2024-02-16,IDR,16837
2024-02-16,ILS,3.8864
2024-02-16,INR,89.38
2024-02-16,ISK,149.1
2024-02-16,JPY,161.88
2024-02-16,KRW,1435.09
2024-02-16,MXN,18.3536
2024-02-16,MYR,5.1476
2024-02-16,NOK,11.3555
2024-02-16,NZD,1.7648
2024-02-16,PHP,60.258
2024-02-16,PLN,4.34
2024-02-16,RON,4.9771
2024-02-16,SEK,11.2655
2024-02-16,SGD,1.45
2024-02-16,THB,38.829
2024-02-16,TRY,33.195
2024-02-16,USD,1.0768
2024-02-16,ZAR,20.338
2024-02-19,AUD,1.6479
2024-02-19,BGN,1.9558
2024-02-19,BRL,5.3433
2024-02-19,CAD,1.4522
2024-02-19,CHF,0.9492
2024-02-19,CNY,7.757
2024-02-19,CZK,25.455
2024-02-19,DKK,7.4547
2024-02-19,GBP,0.85448
2024-02-19,HKD,8.4273
2024-02-19,HUF,388.4
2024-02-19,IDR,16860
2024-02-19,ILS,3.9074
2024-02-19,INR,89.46
2024-02-19,ISK,148.7
2024-02-19,JPY,161.59
2024-02-19,KRW,1438.87
2024-02-19,MXN,18.3698
2024-02-19,MYR,5.1585
2024-02-19,NOK,11.3045
2024-02-19,NZD,1.7536
2024-02-19,PHP,60.41
2024-02-19,PLN,4.3265
2024-02-19,RON,4.977
2024-02-19,SEK,11.237
2024-02-19,SGD,1.4503
2024-02-19,THB,38.826
2024-02-19,TRY,33.264
2024-02-19,USD,1.0776
2024-02-19,ZAR,20.431
2024-02-20,AUD,1.6457
2024-02-20,BGN,1.9558
2024-02-20,BRL,5.3521
2024-02-20,CAD,1.4562
2024-02-20,CHF,0.9526
2024-02-20,CNY,7.7718
2024-02-20,CZK,25.429
2024-02-20,DKK,7.4542
2024-02-20,GBP,0.8566
2024-02-20,HKD,8.4487
2024-02-20,HUF,388.28
2024-02-20,IDR,16916
2024-02-20,ILS,3.9502
2024-02-20,INR,89.6
2024-02-20,ISK,148.3
2024-02-20,JPY,162.18
2024-02-20,KRW,1440.76
2024-02-20,MXN,18.3792
2024-02-20,MYR,5.1823
2024-02-20,NOK,11.3275
2024-02-20,NZD,1.7493
2024-02-20,PHP,60.556
2024-02-20,PLN,4.3248
2024-02-20,RON,4.9768
2024-02-20,SEK,11.2185
2024-02-20,SGD,1.4525
2024-02-20,THB,38.941
2024-02-20,TRY,33.382
2024-02-20,USD,1.0802
2024-02-20,ZAR,20.467
2024-02-21,AUD,1.6486
2024-02-21,BGN,1.9558
2024-02-21,BRL,5.3253
2024-02-21,CAD,1.4618
2024-02-21,CHF,0.951
2024-02-21,CNY,7.773
2024-02-21,CZK,25.38
2024-02-21,DKK,7.4545
2024-02-21,GBP,0.85619
2024-02-21,HKD,8.4544
2024-02-21,HUF,387.98
2024-02-21,IDR,16890
2024-02-21,ILS,3.9738
2024-02-21,INR,89.63
2024-02-21,ISK,148.5
2024-02-21,JPY,162.12
2024-02-21,KRW,1441.77
2024-02-21,MXN,18.4379
2024-02-21,MYR,5.1818
2024-02-21,NOK,11.3345
2024-02-21,NZD,1.7479
2024-02-21,PHP,60.48
2024-02-21,PLN,4.3165
2024-02-21,RON,4.976
2024-02-21,SEK,11.2075
2024-02-21,SGD,1.4524
2024-02-21,THB,38.739
2024-02-21,TRY,33.515
2024-02-21,USD,1.0809
2024-02-21,ZAR,20.345
2024-02-22,AUD,1.6515
2024-02-22,BGN,1.9558
2024-02-22,BRL,5.3499
2024-02-22,CAD,1.4618
2024-02-22,CHF,0.9535
2024-02-22,CNY,7.7988
2024-02-22,CZK,25.309
2024-02-22,DKK,7.454
2024-02-22,GBP,0.85625
2024-02-22,HKD,8.4817
2024-02-22,HUF,386.88
2024-02-22,IDR,16904
2024-02-22,ILS,3.9607
2024-02-22,INR,89.87
2024-02-22,ISK,148.9
2024-02-22,JPY,163.12
2024-02-22,KRW,1438.77
2024-02-22,MXN,18.507
2024-02-22,MYR,5.1796
2024-02-22,NOK,11.356
2024-02-22,NZD,1.7497
2024-02-22,PHP,60.434
2024-02-22,PLN,4.3158
2024-02-22,RON,4.9768
2024-02-22,SEK,11.174
2024-02-22,SGD,1.4552
2024-02-22,THB,38.941
2024-02-22,TRY,33.609
2024-02-22,USD,1.0844
2024-02-22,ZAR,20.669
2024-02-23,AUD,1.6467
2024-02-23,BGN,1.9558
2024-02-23,BRL,5.3831
2024-02-23,CAD,1.4587
2024-02-23,CHF,0.9522
2024-02-23,CNY,7.7972
2024-02-23,CZK,25.354
2024-02-23,DKK,7.4544
2024-02-23,GBP,0.8534
2024-02-23,HKD,8.476
2024-02-23,HUF,388.47
2024-02-23,IDR,16908
2024-02-23,ILS,3.9322
2024-02-23,INR,89.82
2024-02-23,ISK,148.5
2024-02-23,JPY,162.91
2024-02-23,KRW,1440.95
2024-02-23,MXN,18.5089
2024-02-23,MYR,5.1759
2024-02-23,NOK,11.389
2024-02-23,NZD,1.7445
2024-02-23,PHP,60.562
2024-02-23,PLN,4.3118
2024-02-23,RON,4.9744
2024-02-23,SEK,11.1545
2024-02-23,SGD,1.4553
2024-02-23,THB,39.013
2024-02-23,TRY,33.684
2024-02-23,USD,1.0834
2024-02-23,ZAR,20.867
2024-02-26,AUD,1.656
2024-02-26,BGN,1.9558
2024-02-26,BRL,5.4111
2024-02-26,CAD,1.4674
2024-02-26,CHF,0.9546
2024-02-26,CNY,7.81
2024-02-26,CZK,25.367
2024-02-26,DKK,7.4542
2024-02-26,GBP,0.85495
2024-02-26,HKD,8.4898
2024-02-26,HUF,389.53
2024-02-26,IDR,16963
2024-02-26,ILS,3.9603
2024-02-26,INR,89.94
2024-02-26,ISK,149.3
2024-02-26,JPY,163.38
2024-02-26,KRW,1444.46
2024-02-26,MXN,18.5473
2024-02-26,MYR,5.184
2024-02-26,NOK,11.4285
2024-02-26,NZD,1.756
2024-02-26,PHP,60.874
2024-02-26,PLN,4.3053
2024-02-26,RON,4.9722
2024-02-26,SEK,11.1675
2024-02-26,SGD,1.4582
2024-02-26,THB,38.915
2024-02-26,TRY,33.774
2024-02-26,USD,1.0852
2024-02-26,ZAR,20.95
2024-02-27,AUD,1.6565
2024-02-27,BGN,1.9558
2024-02-27,BRL,5.3945
2024-02-27,CAD,1.465
2024-02-27,CHF,0.9544
2024-02-27,CNY,7.814
2024-02-27,CZK,25.332
2024-02-27,DKK,7.4551
2024-02-27,GBP,0.8562
2024-02-27,HKD,8.4947
2024-02-27,HUF,390.2
2024-02-27,IDR,16976
2024-02-27,ILS,3.9342
2024-02-27,INR,89.98
2024-02-27,ISK,149.3
2024-02-27,JPY,163.04
2024-02-27,KRW,1445.31
2024-02-27,MXN,18.5221
2024-02-27,MYR,5.1696
2024-02-27,NOK,11.431
2024-02-27,NZD,1.7601
2024-02-27,PHP,60.902
2024-02-27,PLN,4.3153
2024-02-27,RON,4.9668
2024-02-27,SEK,11.1805
2024-02-27,SGD,1.4584
2024-02-27,THB,38.932
2024-02-27,TRY,33.813
2024-02-27,USD,1.0856
2024-02-27,ZAR,20.772
2024-02-28,AUD,1.6639
2024-02-28,BGN,1.9558
2024-02-28,BRL,5.3497
2024-02-28,CAD,1.4689
2024-02-28,CHF,0.952
2024-02-28,CNY,7.7807
2024-02-28,CZK,25.352
2024-02-28,DKK,7.454
2024-02-28,GBP,0.85548
2024-02-28,HKD,8.4599
2024-02-28,HUF,391.95
2024-02-28,IDR,16983
2024-02-28,ILS,3.8965
2024-02-28,INR,89.6
2024-02-28,ISK,149.3
2024-02-28,JPY,162.87
2024-02-28,KRW,1445.35
2024-02-28,MXN,18.4801
2024-02-28,MYR,5.1565
2024-02-28,NOK,11.4675
2024-02-28,NZD,1.7728
2024-02-28,PHP,60.827
2024-02-28,PLN,4.2965
2024-02-28,RON,4.9683
2024-02-28,SEK,11.192
2024-02-28,SGD,1.4554
2024-02-28,THB,38.898
2024-02-28,TRY,33.709
2024-02-28,USD,1.0808
2024-02-28,ZAR,20.786
2024-02-29,AUD,1.6684
2024-02-29,BGN,1.9558
2024-02-29,BRL,5.4054
2024-02-29,CAD,1.4719
2024-02-29,CHF,0.9534
2024-02-29,CNY,7.7888
2024-02-29,CZK,25.363
2024-02-29,DKK,7.454
2024-02-29,GBP,0.85655
2024-02-29,HKD,8.4735
2024-02-29,HUF,393.48
2024-02-29,IDR,17038
2024-02-29,ILS,3.8736
2024-02-29,INR,89.75
2024-02-29,ISK,149.3
2024-02-29,JPY,162.53
2024-02-29,KRW,1447.43
2024-02-29,MXN,18.4969
2024-02-29,MYR,5.1375
2024-02-29,NOK,11.492
2024-02-29,NZD,1.7807
2024-02-29,PHP,60.858
2024-02-29,PLN,4.3208
2024-02-29,RON,4.9706
2024-02-29,SEK,11.215
2024-02-29,SGD,1.457
2024-02-29,THB,38.909
2024-02-29,TRY,33.807
2024-02-29,USD,1.0826
2024-02-29,ZAR,20.901
2024-03-01,AUD,1.6637
2024-03-01,BGN,1.9558
2024-03-01,BRL,5.3656
2024-03-01,CAD,1.4679
2024-03-01,CHF,0.9582
2024-03-01,CNY,7.7837
2024-03-01,CZK,25.333
2024-03-01,DKK,7.4543
2024-03-01,GBP,0.85588
2024-03-01,HKD,8.465
2024-03-01,HUF,393.25
2024-03-01,IDR,17000
2024-03-01,ILS,3.8522
2024-03-01,INR,89.61
2024-03-01,ISK,149.5
2024-03-01,JPY,162.82
2024-03-01,KRW,1444.21
2024-03-01,MXN,18.4079
2024-03-01,MYR,5.1318
2024-03-01,NOK,11.443
2024-03-01,NZD,1.7764
2024-03-01,PHP,60.672
2024-03-01,PLN,4.318
2024-03-01,RON,4.9695
2024-03-01,SEK,11.1948
2024-03-01,SGD,1.4563
2024-03-01,THB,38.884
2024-03-01,TRY,33.894
2024-03-01,USD,1.0813
2024-03-01,ZAR,20.736
2024-03-04,AUD,1.664
2024-03-04,BGN,1.9558
2024-03-04,BRL,5.3718
2024-03-04,CAD,1.4719
2024-03-04,CHF,0.9604
2024-03-04,CNY,7.8084
2024-03-04,CZK,25.356
2024-03-04,DKK,7.4539
2024-03-04,GBP,0.85583
2024-03-04,HKD,8.4861
2024-03-04,HUF,395.25
2024-03-04,IDR,17069
2024-03-04,ILS,3.8775
2024-03-04,INR,89.94
2024-03-04,ISK,149.5
2024-03-04,JPY,163.22
2024-03-04,KRW,1444.94
2024-03-04,MXN,18.4517
2024-03-04,MYR,5.1231
2024-03-04,NOK,11.4325
2024-03-04,NZD,1.7789
2024-03-04,PHP,60.724
2024-03-04,PLN,4.322
2024-03-04,RON,4.9708
2024-03-04,SEK,11.2424
2024-03-04,SGD,1.457
2024-03-04,THB,38.872
2024-03-04,TRY,34.194
2024-03-04,USD,1.0846
2024-03-04,ZAR,20.638
2024-03-05,AUD,1.6709
2024-03-05,BGN,1.9558
2024-03-05,BRL,5.3713
2024-03-05,CAD,1.4747
2024-03-05,CHF,0.9609
2024-03-05,CNY,7.8104
2024-03-05,CZK,25.353
2024-03-05,DKK,7.4542
2024-03-05,GBP,0.85543
2024-03-05,HKD,8.4873
2024-03-05,HUF,395.75
2024-03-05,IDR,17080
2024-03-05,ILS,3.9034
2024-03-05,INR,89.95
2024-03-05,ISK,149.1
2024-03-05,JPY,163.01
2024-03-05,KRW,1447.98
2024-03-05,MXN,18.3924
2024-03-05,MYR,5.137
2024-03-05,NOK,11.475
2024-03-05,NZD,1.7847
2024-03-05,PHP,60.727
2024-03-05,PLN,4.3248
2024-03-05,RON,4.9718
2024-03-05,SEK,11.2803
2024-03-05,SGD,1.4578
2024-03-05,THB,38.861
2024-03-05,TRY,34.347
2024-03-05,USD,1.0849
2024-03-05,ZAR,20.586
2024-03-06,AUD,1.6667
2024-03-06,BGN,1.9558
2024-03-06,BRL,5.375
2024-03-06,CAD,1.477
2024-03-06,CHF,0.9619
2024-03-06,CNY,7.8281
2024-03-06,CZK,25.359
2024-03-06,DKK,7.4544
2024-03-06,GBP,0.85498
2024-03-06,HKD,8.5088
2024-03-06,HUF,392.95
2024-03-06,IDR,17070
2024-03-06,ILS,3.9212
2024-03-06,INR,90.06
2024-03-06,ISK,148.9
2024-03-06,JPY,162.67
2024-03-06,KRW,1450.41
2024-03-06,MXN,18.3532
2024-03-06,MYR,5.1456
2024-03-06,NOK,11.468
2024-03-06,NZD,1.7812
2024-03-06,PHP,60.731
2024-03-06,PLN,4.3018
2024-03-06,RON,4.9706
2024-03-06,SEK,11.2555
2024-03-06,SGD,1.4578
2024-03-06,THB,38.82
2024-03-06,TRY,34.517
2024-03-06,USD,1.0874
2024-03-06,ZAR,20.539
2024-03-07,AUD,1.6501
2024-03-07,BGN,1.9558
2024-03-07,BRL,5.3835
2024-03-07,CAD,1.4705
2024-03-07,CHF,0.9577
2024-03-07,CNY,7.8412
2024-03-07,CZK,25.359
2024-03-07,DKK,7.4552
2024-03-07,GBP,0.85445
2024-03-07,HKD,8.5215
2024-03-07,HUF,395.43
2024-03-07,IDR,17038
2024-03-07,ILS,3.9092
2024-03-07,INR,90.12
2024-03-07,ISK,148.5
2024-03-07,JPY,161.09
2024-03-07,KRW,1446.67
2024-03-07,MXN,18.3715
2024-03-07,MYR,5.1266
2024-03-07,NOK,11.394
2024-03-07,NZD,1.7688
2024-03-07,PHP,60.794
2024-03-07,PLN,4.302
2024-03-07,RON,4.9707
2024-03-07,SEK,11.1944
2024-03-07,SGD,1.4549
2024-03-07,THB,38.764
2024-03-07,TRY,34.693
2024-03-07,USD,1.0895
2024-03-07,ZAR,20.462
2024-03-08,AUD,1.6469
2024-03-08,BGN,1.9558
2024-03-08,BRL,5.4281
2024-03-08,CAD,1.4701
2024-03-08,CHF,0.9588
2024-03-08,CNY,7.8594
2024-03-08,CZK,25.308
2024-03-08,DKK,7.4547
2024-03-08,GBP,0.85168
2024-03-08,HKD,8.5492
2024-03-08,HUF,394.05
2024-03-08,IDR,16979
2024-03-08,ILS,3.9083
2024-03-08,INR,90.44
2024-03-08,ISK,149.3
2024-03-08,JPY,160.99
2024-03-08,KRW,1441.91
2024-03-08,MXN,18.4282
2024-03-08,MYR,5.1216
2024-03-08,NOK,11.3395
2024-03-08,NZD,1.7674
2024-03-08,PHP,60.76
2024-03-08,PLN,4.3065
2024-03-08,RON,4.9693
2024-03-08,SEK,11.164
2024-03-08,SGD,1.4558
2024-03-08,THB,38.776
2024-03-08,TRY,34.944
2024-03-08,USD,1.0932
2024-03-08,ZAR,20.38
2024-03-11,AUD,1.6546
2024-03-11,BGN,1.9558
2024-03-11,BRL,5.4549
2024-03-11,CAD,1.4753
2024-03-11,CHF,0.9594
2024-03-11,CNY,7.8471
2024-03-11,CZK,25.322
2024-03-11,DKK,7.4552
2024-03-11,GBP,0.85208
2024-03-11,HKD,8.544
2024-03-11,HUF,395.55
2024-03-11,IDR,16921
2024-03-11,ILS,3.9429
2024-03-11,INR,90.41
2024-03-11,ISK,148.9
2024-03-11,JPY,160.43
2024-03-11,KRW,1432.46
2024-03-11,MXN,18.3589
2024-03-11,MYR,5.1177
2024-03-11,NOK,11.4405
2024-03-11,NZD,1.7705
2024-03-11,PHP,60.497
2024-03-11,PLN,4.2805
2024-03-11,RON,4.9644
2024-03-11,SEK,11.1865
2024-03-11,SGD,1.4535
2024-03-11,THB,38.689
2024-03-11,TRY,34.965
2024-03-11,USD,1.0926
2024-03-11,ZAR,20.428
2024-03-12,AUD,1.6533
2024-03-12,BGN,1.9558
2024-03-12,BRL,5.4425
2024-03-12,CAD,1.4739
2024-03-12,CHF,0.9588
2024-03-12,CNY,7.835
2024-03-12,CZK,25.272
2024-03-12,DKK,7.4571
2024-03-12,GBP,0.85458
2024-03-12,HKD,8.5405
2024-03-12,HUF,397.8
2024-03-12,IDR,16943
2024-03-12,ILS,3.9921
2024-03-12,INR,90.36
2024-03-12,ISK,148.7
2024-03-12,JPY,161.39
2024-03-12,KRW,1433.16
2024-03-12,MXN,18.3673
2024-03-12,MYR,5.106
2024-03-12,NOK,11.4673
2024-03-12,NZD,1.7737
2024-03-12,PHP,60.387
2024-03-12,PLN,4.2865
2024-03-12,RON,4.9668
2024-03-12,SEK,11.173
2024-03-12,SGD,1.4546
2024-03-12,THB,38.992
2024-03-12,TRY,34.99
2024-03-12,USD,1.0916
2024-03-12,ZAR,20.389
2024-03-13,AUD,1.6542
2024-03-13,BGN,1.9558
2024-03-13,BRL,5.4506
2024-03-13,CAD,1.4756
2024-03-13,CHF,0.9599
2024-03-13,CNY,7.8678
2024-03-13,CZK,25.273
2024-03-13,DKK,7.4573
2024-03-13,GBP,0.85451
2024-03-13,HKD,8.5574
2024-03-13,HUF,396.9
2024-03-13,IDR,17039
2024-03-13,ILS,3.9947
2024-03-13,INR,90.59
2024-03-13,ISK,148.5
2024-03-13,JPY,161.83
2024-03-13,KRW,1439.01
2024-03-13,MXN,18.3472
2024-03-13,MYR,5.1282
2024-03-13,NOK,11.4805
2024-03-13,NZD,1.777
2024-03-13,PHP,60.583
2024-03-13,PLN,4.286
2024-03-13,RON,4.9683
2024-03-13,SEK,11.193
2024-03-13,SGD,1.4581
2024-03-13,THB,39.036
2024-03-13,TRY,35.114
2024-03-13,USD,1.0939
2024-03-13,ZAR,20.454
2024-03-14,AUD,1.6529
2024-03-14,BGN,1.9558
2024-03-14,BRL,5.4237
2024-03-14,CAD,1.4725
2024-03-14,CHF,0.9616
2024-03-14,CNY,7.8564
2024-03-14,CZK,25.198
2024-03-14,DKK,7.4568
2024-03-14,GBP,0.8542
2024-03-14,HKD,8.5455
2024-03-14,HUF,394.9
2024-03-14,IDR,17041
2024-03-14,ILS,3.9682
2024-03-14,INR,90.52
2024-03-14,ISK,148.5
2024-03-14,JPY,161.7
2024-03-14,KRW,1441.24
2024-03-14,MXN,18.2308
2024-03-14,MYR,5.1195
2024-03-14,NOK,11.467
2024-03-14,NZD,1.7748
2024-03-14,PHP,60.503
2024-03-14,PLN,4.2935
2024-03-14,RON,4.971
2024-03-14,SEK,11.2245
2024-03-14,SGD,1.4567
2024-03-14,THB,39.002
2024-03-14,TRY,35.095
2024-03-14,USD,1.0925
2024-03-14,ZAR,20.366
2024-03-15,AUD,1.6579
2024-03-15,BGN,1.9558
2024-03-15,BRL,5.4461
2024-03-15,CAD,1.4731
2024-03-15,CHF,0.9613
2024-03-15,CNY,7.838
2024-03-15,CZK,25.166
2024-03-15,DKK,7.4571
2024-03-15,GBP,0.8541
2024-03-15,HKD,8.5199
2024-03-15,HUF,393.2
2024-03-15,IDR,17011
2024-03-15,ILS,3.9811
2024-03-15,INR,90.26
2024-03-15,ISK,148.9
2024-03-15,JPY,162.03
2024-03-15,KRW,1448.71
2024-03-15,MXN,18.1915
2024-03-15,MYR,5.1241
2024-03-15,NOK,11.5205
2024-03-15,NZD,1.786
2024-03-15,PHP,60.494
2024-03-15,PLN,4.2953
2024-03-15,RON,4.9711
2024-03-15,SEK,11.2674
2024-03-15,SGD,1.4562
2024-03-15,THB,39.053
2024-03-15,TRY,35.092
2024-03-15,USD,1.0892
2024-03-15,ZAR,20.352
2024-03-18,AUD,1.6583
2024-03-18,BGN,1.9558
2024-03-18,BRL,5.4382
2024-03-18,CAD,1.4745
2024-03-18,CHF,0.963
2024-03-18,CNY,7.8402
2024-03-18,CZK,25.2
2024-03-18,DKK,7.4573
2024-03-18,GBP,0.85525
2024-03-18,HKD,8.5168
2024-03-18,HUF,394.95
2024-03-18,IDR,17121
2024-03-18,ILS,3.9759
2024-03-18,INR,90.28
2024-03-18,ISK,148.9
2024-03-18,JPY,162.51
2024-03-18,KRW,1452.75
2024-03-18,MXN,18.2207
2024-03-18,MYR,5.1394
2024-03-18,NOK,11.5565
2024-03-18,NZD,1.7881
2024-03-18,PHP,60.56
2024-03-18,PLN,4.3113
2024-03-18,RON,4.9716
2024-03-18,SEK,11.3178
2024-03-18,SGD,1.4575
2024-03-18,THB,39.173
2024-03-18,TRY,35.182
2024-03-18,USD,1.0892
2024-03-18,ZAR,20.586
2024-03-19,AUD,1.6651
2024-03-19,BGN,1.9558
2024-03-19,BRL,5.4766
2024-03-19,CAD,1.4767
2024-03-19,CHF,0.963
2024-03-19,CNY,7.814
2024-03-19,CZK,25.268
2024-03-19,DKK,7.4571
2024-03-19,GBP,0.85445
2024-03-19,HKD,8.4902
2024-03-19,HUF,394.5
2024-03-19,IDR,17090
2024-03-19,ILS,3.9805
2024-03-19,INR,90.11
2024-03-19,ISK,148.9
2024-03-19,JPY,163.37
2024-03-19,KRW,1453.28
2024-03-19,MXN,18.3376
2024-03-19,MYR,5.1372
2024-03-19,NOK,11.5985
2024-03-19,NZD,1.7938
2024-03-19,PHP,60.721
2024-03-19,PLN,4.321
2024-03-19,RON,4.9742
2024-03-19,SEK,11.3465
2024-03-19,SGD,1.4565
2024-03-19,THB,39.15
2024-03-19,TRY,35.106
2024-03-19,USD,1.0854
2024-03-19,ZAR,20.544
2024-03-20,AUD,1.6633
2024-03-20,BGN,1.9558
2024-03-20,BRL,5.4414
2024-03-20,CAD,1.4736
2024-03-20,CHF,0.9658
2024-03-20,CNY,7.8058
2024-03-20,CZK,25.289
2024-03-20,DKK,7.4572
2024-03-20,GBP,0.85438
2024-03-20,HKD,8.4837
2024-03-20,HUF,395.33
2024-03-20,IDR,17065
2024-03-20,ILS,3.9816
2024-03-20,INR,90.24
2024-03-20,ISK,148.5
2024-03-20,JPY,164.54
2024-03-20,KRW,1453.86
2024-03-20,MXN,18.2541
2024-03-20,MYR,5.1379
2024-03-20,NOK,11.5725
2024-03-20,NZD,1.7976
2024-03-20,PHP,60.978
2024-03-20,PLN,4.3248
2024-03-20,RON,4.9721
2024-03-20,SEK,11.3595
2024-03-20,SGD,1.4579
2024-03-20,THB,39.244
2024-03-20,TRY,35.124
2024-03-20,USD,1.0844
2024-03-20,ZAR,20.459
2024-03-21,AUD,1.6535
2024-03-21,BGN,1.9558
2024-03-21,BRL,5.421
2024-03-21,CAD,1.4736
2024-03-21,CHF,0.9766
2024-03-21,CNY,7.852
2024-03-21,CZK,25.243
2024-03-21,DKK,7.4579
2024-03-21,GBP,0.85678
2024-03-21,HKD,8.53
2024-03-21,HUF,393.35
2024-03-21,IDR,17092
2024-03-21,ILS,3.9186
2024-03-21,INR,90.66
2024-03-21,ISK,148.7
2024-03-21,JPY,164.96
2024-03-21,KRW,1449.01
2024-03-21,MXN,18.261
2024-03-21,MYR,5.1424
2024-03-21,NOK,11.543
2024-03-21,NZD,1.7963
2024-03-21,PHP,61.033
2024-03-21,PLN,4.3028
2024-03-21,RON,4.9734
2024-03-21,SEK,11.3645
2024-03-21,SGD,1.4619
2024-03-21,THB,39.396
2024-03-21,TRY,34.944
2024-03-21,USD,1.0907
2024-03-21,ZAR,20.418
2024-03-22,AUD,1.6601
2024-03-22,BGN,1.9558
2024-03-22,BRL,5.4099
2024-03-22,CAD,1.4688
2024-03-22,CHF,0.9729
2024-03-22,CNY,7.8245
2024-03-22,CZK,25.371
2024-03-22,DKK,7.4581
2024-03-22,GBP,0.85795
2024-03-22,HKD,8.4645
2024-03-22,HUF,396.3
2024-03-22,IDR,17112
2024-03-22,ILS,3.9265
2024-03-22,INR,90.41
2024-03-22,ISK,148.9
2024-03-22,JPY,163.74
2024-03-22,KRW,1453.62
2024-03-22,MXN,18.1372
2024-03-22,MYR,5.1274
2024-03-22,NOK,11.617
2024-03-22,NZD,1.802
2024-03-22,PHP,60.928
2024-03-22,PLN,4.317
2024-03-22,RON,4.9727
2024-03-22,SEK,11.4025
2024-03-22,SGD,1.4593
2024-03-22,THB,39.298
2024-03-22,TRY,34.621
2024-03-22,USD,1.0823
2024-03-22,ZAR,20.56
2024-03-25,AUD,1.658
2024-03-25,BGN,1.9558
2024-03-25,BRL,5.4069
2024-03-25,CAD,1.4722
2024-03-25,CHF,0.9724
2024-03-25,CNY,7.8134
2024-03-25,CZK,25.266
2024-03-25,DKK,7.4585
2024-03-25,GBP,0.85698
2024-03-25,HKD,8.4748
2024-03-25,HUF,396.17
2024-03-25,IDR,17101
2024-03-25,ILS,3.9369
2024-03-25,INR,90.37
2024-03-25,ISK,149.1
2024-03-25,JPY,163.78
2024-03-25,KRW,1453.39
2024-03-25,MXN,18.1374
2024-03-25,MYR,5.1195
2024-03-25,NOK,11.605
2024-03-25,NZD,1.8046
2024-03-25,PHP,60.92
2024-03-25,PLN,4.3078
2024-03-25,RON,4.9712
2024-03-25,SEK,11.457
2024-03-25,SGD,1.4573
2024-03-25,THB,39.364
2024-03-25,TRY,34.833
2024-03-25,USD,1.0835
2024-03-25,ZAR,20.489
2024-03-26,AUD,1.6574
2024-03-26,BGN,1.9558
2024-03-26,BRL,5.4067
2024-03-26,CAD,1.4718
2024-03-26,CHF,0.981
2024-03-26,CNY,7.8358
2024-03-26,CZK,25.277
2024-03-26,DKK,7.459
2024-03-26,GBP,0.85846
2024-03-26,HKD,8.492
2024-03-26,HUF,395.45
2024-03-26,IDR,17150
2024-03-26,ILS,3.9747
2024-03-26,INR,90.44
2024-03-26,ISK,149.3
2024-03-26,JPY,164.4
2024-03-26,KRW,1455.75
2024-03-26,MXN,18.1165
2024-03-26,MYR,5.1236
2024-03-26,NOK,11.626
2024-03-26,NZD,1.8036
2024-03-26,PHP,61.055
2024-03-26,PLN,4.3093
2024-03-26,RON,4.9702
2024-03-26,SEK,11.453
2024-03-26,SGD,1.4595
2024-03-26,THB,39.415
2024-03-26,TRY,34.954
2024-03-26,USD,1.0855
2024-03-26,ZAR,20.529
2024-03-27,AUD,1.66
2024-03-27,BGN,1.9558
2024-03-27,BRL,5.3969
2024-03-27,CAD,1.4712
2024-03-27,CHF,0.9811
2024-03-27,CNY,7.8182
2024-03-27,CZK,25.319
2024-03-27,DKK,7.4582
2024-03-27,GBP,0.85768
2024-03-27,HKD,8.4615
2024-03-27,HUF,395.4
2024-03-27,IDR,17194
2024-03-27,ILS,3.9582
2024-03-27,INR,90.13
2024-03-27,ISK,149.9
2024-03-27,JPY,163.52
2024-03-27,KRW,1461.31
2024-03-27,MXN,17.9367
2024-03-27,MYR,5.1192
2024-03-27,NOK,11.6825
2024-03-27,NZD,1.8043
2024-03-27,PHP,60.849
2024-03-27,PLN,4.3148
2024-03-27,RON,4.9721
2024-03-27,SEK,11.506
2024-03-27,SGD,1.4586
2024-03-27,THB,39.381
2024-03-27,TRY,34.9
2024-03-27,USD,1.0816
2024-03-27,ZAR,20.472
2024-03-28,AUD,1.6607
2024-03-28,BGN,1.9558
2024-03-28,BRL,5.4032
2024-03-28,CAD,1.4672
2024-03-28,CHF,0.9766
2024-03-28,CNY,7.8144
2024-03-28,CZK,25.305
2024-03-28,DKK,7.458
2024-03-28,GBP,0.8551
2024-03-28,HKD,8.4594
2024-03-28,HUF,395.26
2024-03-28,IDR,17158
2024-03-28,ILS,3.9799
2024-03-28,INR,90.14
2024-03-28,ISK,150.3
2024-03-28,JPY,163.45
2024-03-28,KRW,1458.67
2024-03-28,MXN,17.9179
2024-03-28,MYR,5.1168
2024-03-28,NOK,11.699
2024-03-28,NZD,1.8092
2024-03-28,PHP,60.797
2024-03-28,PLN,4.3123
2024-03-28,RON,4.9735
2024-03-28,SEK,11.525
2024-03-28,SGD,1.4587
2024-03-28,THB,39.412
2024-03-28,TRY,34.949
2024-03-28,USD,1.0811
2024-03-28,ZAR,20.523
2024-04-02,AUD,1.6522
2024-04-02,BGN,1.9558
2024-04-02,BRL,5.4114
2024-04-02,CAD,1.4577
2024-04-02,CHF,0.9765
2024-04-02,CNY,7.7779
2024-04-02,CZK,25.361
2024-04-02,DKK,7.4582
2024-04-02,GBP,0.8551
2024-04-02,HKD,8.4148
2024-04-02,HUF,395.63
2024-04-02,IDR,17103
2024-04-02,ILS,3.9826
2024-04-02,INR,89.65
2024-04-02,ISK,150.1
2024-04-02,JPY,163.01
2024-04-02,KRW,1453.23
2024-04-02,MXN,17.849
2024-04-02,MYR,5.1106
2024-04-02,NOK,11.708
2024-04-02,NZD,1.804
2024-04-02,PHP,60.506
2024-04-02,PLN,4.2938
2024-04-02,RON,4.9699
2024-04-02,SEK,11.5575
2024-04-02,SGD,1.4535
2024-04-02,THB,39.395
2024-04-02,TRY,34.603
2024-04-02,USD,1.0749
2024-04-02,ZAR,20.24
2024-04-03,AUD,1.6539
2024-04-03,BGN,1.9558
2024-04-03,BRL,5.4681
2024-04-03,CAD,1.4626
2024-04-03,CHF,0.9792
2024-04-03,CNY,7.8023
2024-04-03,CZK,25.352
2024-04-03,DKK,7.4589
2024-04-03,GBP,0.85713
2024-04-03,HKD,8.4421
2024-04-03,HUF,393.2
2024-04-03,IDR,17197
2024-04-03,ILS,4.0165
2024-04-03,INR,90.01
2024-04-03,ISK,150.1
2024-04-03,JPY,163.66
2024-04-03,KRW,1456.04
2024-04-03,MXN,17.8782
2024-04-03,MYR,5.1273
2024-04-03,NOK,11.658
2024-04-03,NZD,1.8054
2024-04-03,PHP,60.817
2024-04-03,PLN,4.2968
2024-04-03,RON,4.9687
2024-04-03,SEK,11.575
2024-04-03,SGD,1.4571
2024-04-03,THB,39.584
2024-04-03,TRY,34.442
2024-04-03,USD,1.0783
2024-04-03,ZAR,20.267
2024-04-04,AUD,1.6446
2024-04-04,BGN,1.9558
2024-04-04,BRL,5.4751
2024-04-04,CAD,1.4652
2024-04-04,CHF,0.9846
2024-04-04,CNY,7.8501
2024-04-04,CZK,25.322
2024-04-04,DKK,7.4589
2024-04-04,GBP,0.85788
2024-04-04,HKD,8.4957
2024-04-04,HUF,391.55
2024-04-04,IDR,17233
2024-04-04,ILS,4.0339
2024-04-04,INR,90.51
2024-04-04,ISK,150.3
2024-04-04,JPY,164.69
2024-04-04,KRW,1462.46
2024-04-04,MXN,17.9675
2024-04-04,MYR,5.1433
2024-04-04,NOK,11.6125
2024-04-04,NZD,1.7998
2024-04-04,PHP,61.243
2024-04-04,PLN,4.2955
2024-04-04,RON,4.9687
2024-04-04,SEK,11.5105
2024-04-04,SGD,1.4628
2024-04-04,THB,39.881
2024-04-04,TRY,34.606
2024-04-04,USD,1.0852
2024-04-04,ZAR,20.27
2024-04-05,AUD,1.6461
2024-04-05,BGN,1.9558
2024-04-05,BRL,5.4633
2024-04-05,CAD,1.4702
2024-04-05,CHF,0.9793
2024-04-05,CNY,7.8421
2024-04-05,CZK,25.286
2024-04-05,DKK,7.459
2024-04-05,GBP,0.85773
2024-04-05,HKD,8.4868
2024-04-05,HUF,390.1
2024-04-05,IDR,17193
2024-04-05,ILS,4.0725
2024-04-05,INR,90.33
2024-04-05,ISK,150.3
2024-04-05,JPY,164.1
2024-04-05,KRW,1464.09
2024-04-05,MXN,17.9104
2024-04-05,MYR,5.1462
2024-04-05,NOK,11.6118
2024-04-05,NZD,1.8001
2024-04-05,PHP,61.268
2024-04-05,PLN,4.2835
2024-04-05,RON,4.9677
2024-04-05,SEK,11.526
2024-04-05,SGD,1.4608
2024-04-05,THB,39.743
2024-04-05,TRY,34.631
2024-04-05,USD,1.0841
2024-04-05,ZAR,20.171
2024-04-08,AUD,1.6433
2024-04-08,BGN,1.9558
2024-04-08,BRL,5.4806
2024-04-08,CAD,1.4715
2024-04-08,CHF,0.9807
2024-04-08,CNY,7.8282
2024-04-08,CZK,25.354
2024-04-08,DKK,7.4588
2024-04-08,GBP,0.85795
2024-04-08,HKD,8.4761
2024-04-08,HUF,390.78
2024-04-08,IDR,17218
2024-04-08,ILS,4.0033
2024-04-08,INR,90.16
2024-04-08,ISK,150.3
2024-04-08,JPY,164.43
2024-04-08,KRW,1468.37
2024-04-08,MXN,17.8053
2024-04-08,MYR,5.1425
2024-04-08,NOK,11.5905
2024-04-08,NZD,1.7984
2024-04-08,PHP,61.204
2024-04-08,PLN,4.2773
2024-04-08,RON,4.9681
2024-04-08,SEK,11.4675
2024-04-08,SGD,1.4607
2024-04-08,THB,39.769
2024-04-08,TRY,34.848
2024-04-08,USD,1.0823
2024-04-08,ZAR,20.157
2024-04-09,AUD,1.6407
2024-04-09,BGN,1.9558
2024-04-09,BRL,5.4489
2024-04-09,CAD,1.4749
2024-04-09,CHF,0.9819
2024-04-09,CNY,7.8603
2024-04-09,CZK,25.38
2024-04-09,DKK,7.459
2024-04-09,GBP,0.85663
2024-04-09,HKD,8.5096
2024-04-09,HUF,389.2
2024-04-09,IDR,17243
2024-04-09,ILS,4.011
2024-04-09,INR,90.41
2024-04-09,ISK,150.3
2024-04-09,JPY,164.97
2024-04-09,KRW,1470.98
2024-04-09,MXN,17.7268
2024-04-09,MYR,5.1591
2024-04-09,NOK,11.593
2024-04-09,NZD,1.7938
2024-04-09,PHP,61.301
2024-04-09,PLN,4.2565
2024-04-09,RON,4.9682
2024-04-09,SEK,11.4555
2024-04-09,SGD,1.4623
2024-04-09,THB,39.529
2024-04-09,TRY,34.983
2024-04-09,USD,1.0867
2024-04-09,ZAR,20.086
2024-04-10,AUD,1.6399
2024-04-10,BGN,1.9558
2024-04-10,BRL,5.433
2024-04-10,CAD,1.4728
2024-04-10,CHF,0.981
2024-04-10,CNY,7.8548
2024-04-10,CZK,25.368
2024-04-10,DKK,7.4594
2024-04-10,GBP,0.85515
2024-04-10,HKD,8.506
2024-04-10,HUF,389.18
2024-04-10,IDR,17212
2024-04-10,ILS,4.0324
2024-04-10,INR,90.36
2024-04-10,ISK,150.7
2024-04-10,JPY,164.89
2024-04-10,KRW,1467.33
2024-04-10,MXN,17.7305
2024-04-10,MYR,5.1558
2024-04-10,NOK,11.5665
2024-04-10,NZD,1.7856
2024-04-10,PHP,61.408
2024-04-10,PLN,4.2563
2024-04-10,RON,4.969
2024-04-10,SEK,11.4345
2024-04-10,SGD,1.4605
2024-04-10,THB,39.536
2024-04-10,TRY,35.033
2024-04-10,USD,1.086
2024-04-10,ZAR,20.085
2024-04-11,AUD,1.6448
2024-04-11,BGN,1.9558
2024-04-11,BRL,5.4468
2024-04-11,CAD,1.4688
2024-04-11,CHF,0.9787
2024-04-11,CNY,7.7646
2024-04-11,CZK,25.392
2024-04-11,DKK,7.4604
2024-04-11,GBP,0.85525
2024-04-11,HKD,8.4058
2024-04-11,HUF,389.8
2024-04-11,IDR,17190
2024-04-11,ILS,4.03
2024-04-11,INR,89.44
2024-04-11,ISK,150.3
2024-04-11,JPY,164.18
2024-04-11,KRW,1469.32
2024-04-11,MXN,17.6448
2024-04-11,MYR,5.0936
2024-04-11,NOK,11.618
2024-04-11,NZD,1.792
2024-04-11,PHP,60.577
2024-04-11,PLN,4.257
2024-04-11,RON,4.9713
2024-04-11,SEK,11.531
2024-04-11,SGD,1.4518
2024-04-11,THB,39.22
2024-04-11,TRY,34.634
2024-04-11,USD,1.0729
2024-04-11,ZAR,20.161
2024-04-12,AUD,1.6413
2024-04-12,BGN,1.9558
2024-04-12,BRL,5.4442
2024-04-12,CAD,1.4643
2024-04-12,CHF,0.9716
2024-04-12,CNY,7.7094
2024-04-12,CZK,25.337
2024-04-12,DKK,7.4603
2024-04-12,GBP,0.85424
2024-04-12,HKD,8.3478
2024-04-12,HUF,391.63
2024-04-12,IDR,17172
2024-04-12,ILS,4.0175
2024-04-12,INR,88.91
2024-04-12,ISK,150.5
2024-04-12,JPY,163.16
2024-04-12,KRW,1469.79
2024-04-12,MXN,17.5982
2024-04-12,MYR,5.081
2024-04-12,NOK,11.587
2024-04-12,NZD,1.7872
2024-04-12,PHP,60.256
2024-04-12,PLN,4.2603
2024-04-12,RON,4.9717
2024-04-12,SEK,11.5699
2024-04-12,SGD,1.4478
2024-04-12,THB,38.853
2024-04-12,TRY,34.433
2024-04-12,USD,1.0652
2024-04-12,ZAR,19.9907
2024-04-15,AUD,1.6441
2024-04-15,BGN,1.9558
2024-04-15,BRL,5.4553
2024-04-15,CAD,1.4645
2024-04-15,CHF,0.9725
2024-04-15,CNY,7.7134
2024-04-15,CZK,25.324
2024-04-15,DKK,7.4606
2024-04-15,GBP,0.85405
2024-04-15,HKD,8.3419
2024-04-15,HUF,394.25
2024-04-15,IDR,17112
2024-04-15,ILS,3.9578
2024-04-15,INR,88.9
2024-04-15,ISK,150.7
2024-04-15,JPY,164.05
2024-04-15,KRW,1473.79
2024-04-15,MXN,17.6561
2024-04-15,MYR,5.0925
2024-04-15,NOK,11.626
2024-04-15,NZD,1.7943
2024-04-15,PHP,60.558
2024-04-15,PLN,4.2938
2024-04-15,RON,4.9742
2024-04-15,SEK,11.5583
2024-04-15,SGD,1.4498
2024-04-15,THB,39.124
2024-04-15,TRY,34.529
2024-04-15,USD,1.0656
2024-04-15,ZAR,20.207
2024-04-16,AUD,1.6578
2024-04-16,BGN,1.9558
2024-04-16,BRL,5.5607
2024-04-16,CAD,1.4668
2024-04-16,CHF,0.9712
2024-04-16,CNY,7.6995
2024-04-16,CZK,25.21
2024-04-16,DKK,7.4609
2024-04-16,GBP,0.8544
2024-04-16,HKD,8.3304
2024-04-16,HUF,394.63
2024-04-16,IDR,17234
2024-04-16,ILS,4.0001
2024-04-16,INR,88.9
2024-04-16,ISK,150.7
2024-04-16,JPY,164.54
2024-04-16,KRW,1481.62
2024-04-16,MXN,17.9141
2024-04-16,MYR,5.0973
2024-04-16,NOK,11.6745
2024-04-16,NZD,1.8072
2024-04-16,PHP,60.561
2024-04-16,PLN,4.3435
2024-04-16,RON,4.9764
2024-04-16,SEK,11.635
2024-04-16,SGD,1.4509
2024-04-16,THB,38.958
2024-04-16,TRY,34.572
2024-04-16,USD,1.0637
2024-04-16,ZAR,20.21
2024-04-17,AUD,1.6556
2024-04-17,BGN,1.9558
2024-04-17,BRL,5.6044
2024-04-17,CAD,1.4691
2024-04-17,CHF,0.9693
2024-04-17,CNY,7.7006
2024-04-17,CZK,25.228
2024-04-17,DKK,7.4611
2024-04-17,GBP,0.854
2024-04-17,HKD,8.3307
2024-04-17,HUF,393.0
2024-04-17,IDR,17291
2024-04-17,ILS,4.0173
2024-04-17,INR,89.01
2024-04-17,ISK,150.5
2024-04-17,JPY,164.54
2024-04-17,KRW,1471.92
2024-04-17,MXN,18.0761
2024-04-17,MYR,5.0972
2024-04-17,NOK,11.696
2024-04-17,NZD,1.8012
2024-04-17,PHP,60.879
2024-04-17,PLN,4.3508
2024-04-17,RON,4.9758
2024-04-17,SEK,11.6793
2024-04-17,SGD,1.4495
2024-04-17,THB,39.18
2024-04-17,TRY,34.605
2024-04-17,USD,1.0638
2024-04-17,ZAR,20.275
2024-04-18,AUD,1.6567
2024-04-18,BGN,1.9558
2024-04-18,BRL,5.5973
2024-04-18,CAD,1.4687
2024-04-18,CHF,0.9704
2024-04-18,CNY,7.7294
2024-04-18,CZK,25.254
2024-04-18,DKK,7.4616
2024-04-18,GBP,0.85628
2024-04-18,HKD,8.3635
2024-04-18,HUF,393.93
2024-04-18,IDR,17280
2024-04-18,ILS,4.0363
2024-04-18,INR,89.19
2024-04-18,ISK,150.3
2024-04-18,JPY,164.82
2024-04-18,KRW,1467.41
2024-04-18,MXN,18.094
2024-04-18,MYR,5.1083
2024-04-18,NOK,11.7375
2024-04-18,NZD,1.8013
2024-04-18,PHP,61.127
2024-04-18,PLN,4.3255
2024-04-18,RON,4.9758
2024-04-18,SEK,11.637
2024-04-18,SGD,1.452
2024-04-18,THB,39.251
2024-04-18,TRY,34.704
2024-04-18,USD,1.0679
2024-04-18,ZAR,20.346
2024-04-19,AUD,1.6622
2024-04-19,BGN,1.9558
2024-04-19,BRL,5.6165
2024-04-19,CAD,1.4666
2024-04-19,CHF,0.968
2024-04-19,CNY,7.7139
2024-04-19,CZK,25.267
2024-04-19,DKK,7.4622
2024-04-19,GBP,0.8562
2024-04-19,HKD,8.3443
2024-04-19,HUF,395.3
2024-04-19,IDR,17325
2024-04-19,ILS,4.0181
2024-04-19,INR,88.92
2024-04-19,ISK,150.3
2024-04-19,JPY,164.68
2024-04-19,KRW,1469.09
2024-04-19,MXN,18.4819
2024-04-19,MYR,5.0959
2024-04-19,NOK,11.765
2024-04-19,NZD,1.8105
2024-04-19,PHP,61.373
2024-04-19,PLN,4.33
2024-04-19,RON,4.9764
2024-04-19,SEK,11.664
2024-04-19,SGD,1.451
2024-04-19,THB,39.288
2024-04-19,TRY,34.73
2024-04-19,USD,1.0653
2024-04-19,ZAR,20.479
2024-04-22,AUD,1.6517
2024-04-22,BGN,1.9558
2024-04-22,BRL,5.5427
2024-04-22,CAD,1.4592
2024-04-22,CHF,0.9693
2024-04-22,CNY,7.7012
2024-04-22,CZK,25.275
2024-04-22,DKK,7.4615
2024-04-22,GBP,0.86328
2024-04-22,HKD,8.3316
2024-04-22,HUF,393.9
2024-04-22,IDR,17280
2024-04-22,ILS,4.0054
2024-04-22,INR,88.63
2024-04-22,ISK,150.3
2024-04-22,JPY,164.51
2024-04-22,KRW,1467.64
2024-04-22,MXN,18.2059
2024-04-22,MYR,5.08
2024-04-22,NOK,11.7185
2024-04-22,NZD,1.8004
2024-04-22,PHP,61.134
2024-04-22,PLN,4.3188
2024-04-22,RON,4.9756
2024-04-22,SEK,11.6015
2024-04-22,SGD,1.449
2024-04-22,THB,39.392
2024-04-22,TRY,34.594
2024-04-22,USD,1.0632
2024-04-22,ZAR,20.347
2024-04-23,AUD,1.6536
2024-04-23,BGN,1.9558
2024-04-23,BRL,5.5246
2024-04-23,CAD,1.4623
2024-04-23,CHF,0.9724
2024-04-23,CNY,7.7353
2024-04-23,CZK,25.256
2024-04-23,DKK,7.4607
2024-04-23,GBP,0.8605
2024-04-23,HKD,8.364
2024-04-23,HUF,393.63
2024-04-23,IDR,17303
2024-04-23,ILS,4.0422
2024-04-23,INR,88.95
2024-04-23,ISK,150.3
2024-04-23,JPY,165.23
2024-04-23,KRW,1471.21
2024-04-23,MXN,18.2732
2024-04-23,MYR,5.1022
2024-04-23,NOK,11.731
2024-04-23,NZD,1.8047
2024-04-23,PHP,61.44
2024-04-23,PLN,4.3158
2024-04-23,RON,4.9761
2024-04-23,SEK,11.603
2024-04-23,SGD,1.4543
2024-04-23,THB,39.536
2024-04-23,TRY,34.781
2024-04-23,USD,1.0674
2024-04-23,ZAR,20.534
2024-04-24,AUD,1.6421
2024-04-24,BGN,1.9558
2024-04-24,BRL,5.4856
2024-04-24,CAD,1.4628
2024-04-24,CHF,0.9774
2024-04-24,CNY,7.7431
2024-04-24,CZK,25.242
2024-04-24,DKK,7.4575
2024-04-24,GBP,0.85945
2024-04-24,HKD,8.37
2024-04-24,HUF,393.35
2024-04-24,IDR,17278
2024-04-24,ILS,4.0339
2024-04-24,INR,89.04
2024-04-24,ISK,150.3
2024-04-24,JPY,165.57
2024-04-24,KRW,1469.91
2024-04-24,MXN,18.0824
2024-04-24,MYR,5.1058
2024-04-24,NOK,11.733
2024-04-24,NZD,1.801
2024-04-24,PHP,61.487
2024-04-24,PLN,4.3193
2024-04-24,RON,4.9757
2024-04-24,SEK,11.6225
2024-04-24,SGD,1.4547
2024-04-24,THB,39.602
2024-04-24,TRY,34.75
2024-04-24,USD,1.0686
2024-04-24,ZAR,20.506
2024-04-25,AUD,1.6415
2024-04-25,BGN,1.9558
2024-04-25,BRL,5.505
2024-04-25,CAD,1.4659
2024-04-25,CHF,0.9792
2024-04-25,CNY,7.7682
2024-04-25,CZK,25.152
2024-04-25,DKK,7.4587
2024-04-25,GBP,0.85675
2024-04-25,HKD,8.392
2024-04-25,HUF,392.98
2024-04-25,IDR,17355
2024-04-25,ILS,4.0646
2024-04-25,INR,89.32
2024-04-25,ISK,150.1
2024-04-25,JPY,166.76
2024-04-25,KRW,1473.23
2024-04-25,MXN,18.267
2024-04-25,MYR,5.1215
2024-04-25,NOK,11.714
2024-04-25,NZD,1.799
2024-04-25,PHP,61.94
2024-04-25,PLN,4.3165
2024-04-25,RON,4.9761
2024-04-25,SEK,11.639
2024-04-25,SGD,1.4581
2024-04-25,THB,39.691
2024-04-25,TRY,34.848
2024-04-25,USD,1.072
2024-04-25,ZAR,20.338
2024-04-26,AUD,1.6392
2024-04-26,BGN,1.9558
2024-04-26,BRL,5.5208
2024-04-26,CAD,1.4632
2024-04-26,CHF,0.9779
2024-04-26,CNY,7.7638
2024-04-26,CZK,25.164
2024-04-26,DKK,7.4573
2024-04-26,GBP,0.85643
2024-04-26,HKD,8.3873
2024-04-26,HUF,392.28
2024-04-26,IDR,17386
2024-04-26,ILS,4.0798
2024-04-26,INR,89.32
2024-04-26,ISK,150.3
2024-04-26,JPY,168.03
2024-04-26,KRW,1474.65
2024-04-26,MXN,18.4672
2024-04-26,MYR,5.1079
2024-04-26,NOK,11.7995
2024-04-26,NZD,1.801
2024-04-26,PHP,61.83
2024-04-26,PLN,4.3205
2024-04-26,RON,4.9764
2024-04-26,SEK,11.7052
2024-04-26,SGD,1.4587
2024-04-26,THB,39.583
2024-04-26,TRY,34.804
2024-04-26,USD,1.0714
2024-04-26,ZAR,20.204
2024-04-29,AUD,1.6322
2024-04-29,BGN,1.9558
2024-04-29,BRL,5.4706
2024-04-29,CAD,1.4635
2024-04-29,CHF,0.9776
2024-04-29,CNY,7.7627
2024-04-29,CZK,25.175
2024-04-29,DKK,7.4581
2024-04-29,GBP,0.85493
2024-04-29,HKD,8.3904
2024-04-29,HUF,391.64
2024-04-29,IDR,17409
2024-04-29,ILS,4.0316
2024-04-29,INR,89.46
2024-04-29,ISK,150.3
2024-04-29,JPY,167.53
2024-04-29,KRW,1476.15
2024-04-29,MXN,18.3202
2024-04-29,MYR,5.1108
2024-04-29,NOK,11.7835
2024-04-29,NZD,1.7932
2024-04-29,PHP,61.858
2024-04-29,PLN,4.3255
2024-04-29,RON,4.9759
2024-04-29,SEK,11.685
2024-04-29,SGD,1.4578
2024-04-29,THB,39.696
2024-04-29,TRY,34.71
2024-04-29,USD,1.072
2024-04-29,ZAR,20.05
2024-04-30,AUD,1.6423
2024-04-30,BGN,1.9558
2024-04-30,BRL,5.4928
2024-04-30,CAD,1.4672
2024-04-30,CHF,0.9787
2024-04-30,CNY,7.7609
2024-04-30,CZK,25.14
2024-04-30,DKK,7.4583
2024-04-30,GBP,0.85478
2024-04-30,HKD,8.3817
2024-04-30,HUF,390.68
2024-04-30,IDR,17422
2024-04-30,ILS,4.0172
2024-04-30,INR,89.42
2024-04-30,ISK,150.3
2024-04-30,JPY,168.27
2024-04-30,KRW,1479.67
2024-04-30,MXN,18.1895
2024-04-30,MYR,5.113
2024-04-30,NOK,11.815
2024-04-30,NZD,1.8035
2024-04-30,PHP,61.83
2024-04-30,PLN,4.3178
2024-04-30,RON,4.9759
2024-04-30,SEK,11.753
2024-04-30,SGD,1.4593
2024-04-30,THB,39.732
2024-04-30,TRY,34.704
2024-04-30,USD,1.0718
2024-04-30,ZAR,20.068
2024-05-02,AUD,1.6386
2024-05-02,BGN,1.9558
2024-05-02,BRL,5.5025
2024-05-02,CAD,1.4678
2024-05-02,CHF,0.9759
2024-05-02,CNY,7.7465
2024-05-02,CZK,25.09
2024-05-02,DKK,7.4589
2024-05-02,GBP,0.85538
2024-05-02,HKD,8.3633
2024-05-02,HUF,388.98
2024-05-02,IDR,17302
2024-05-02,ILS,4.0046
2024-05-02,INR,89.29
2024-05-02,ISK,150.1
2024-05-02,JPY,165.63
2024-05-02,KRW,1470.41
2024-05-02,MXN,18.1187
2024-05-02,MYR,5.0864
2024-05-02,NOK,11.843
2024-05-02,NZD,1.8047
2024-05-02,PHP,61.628
2024-05-02,PLN,4.3278
2024-05-02,RON,4.9763
2024-05-02,SEK,11.682
2024-05-02,SGD,1.4538
2024-05-02,THB,39.508
2024-05-02,TRY,34.634
2024-05-02,USD,1.0698
2024-05-02,ZAR,19.969
2024-05-03,AUD,1.633
2024-05-03,BGN,1.9558
2024-05-03,BRL,5.4916
2024-05-03,CAD,1.4682
2024-05-03,CHF,0.9744
2024-05-03,CNY,7.7798
2024-05-03,CZK,25.025
2024-05-03,DKK,7.4583
2024-05-03,GBP,0.85573
2024-05-03,HKD,8.3961
2024-05-03,HUF,388.95
2024-05-03,IDR,17248
2024-05-03,ILS,3.9943
2024-05-03,INR,89.67
2024-05-03,ISK,150.3
2024-05-03,JPY,164.62
2024-05-03,KRW,1460.24
2024-05-03,MXN,18.2086
2024-05-03,MYR,5.0927
2024-05-03,NOK,11.708
2024-05-03,NZD,1.7952
2024-05-03,PHP,61.392
2024-05-03,PLN,4.329
2024-05-03,RON,4.9761
2024-05-03,SEK,11.6398
2024-05-03,SGD,1.4527
2024-05-03,THB,39.516
2024-05-03,TRY,34.748
2024-05-03,USD,1.0744
2024-05-03,ZAR,19.8952
2024-05-06,AUD,1.6248
2024-05-06,BGN,1.9558
2024-05-06,BRL,5.4683
2024-05-06,CAD,1.4731
2024-05-06,CHF,0.9754
2024-05-06,CNY,7.7662
2024-05-06,CZK,24.995
2024-05-06,DKK,7.4589
2024-05-06,GBP,0.8566
2024-05-06,HKD,8.4223
2024-05-06,HUF,389.38
2024-05-06,IDR,17289
2024-05-06,ILS,4.0322
2024-05-06,INR,89.99
2024-05-06,ISK,150.3
2024-05-06,JPY,165.7
2024-05-06,KRW,1460.0
2024-05-06,MXN,18.2346
2024-05-06,MYR,5.1067
2024-05-06,NOK,11.6663
2024-05-06,NZD,1.7891
2024-05-06,PHP,61.66
2024-05-06,PLN,4.3185
2024-05-06,RON,4.9688
2024-05-06,SEK,11.625
2024-05-06,SGD,1.4548
2024-05-06,THB,39.618
2024-05-06,TRY,34.775
2024-05-06,USD,1.0776
2024-05-06,ZAR,19.8369
2024-05-07,AUD,1.6297
2024-05-07,BGN,1.9558
2024-05-07,BRL,5.4629
2024-05-07,CAD,1.473
2024-05-07,CHF,0.977
2024-05-07,CNY,7.7707
2024-05-07,CZK,25.014
2024-05-07,DKK,7.4596
2024-05-07,GBP,0.85805
2024-05-07,HKD,8.4197
2024-05-07,HUF,389.05
2024-05-07,IDR,17295
2024-05-07,ILS,4.0056
2024-05-07,INR,89.9
2024-05-07,ISK,150.3
2024-05-07,JPY,166.45
2024-05-07,KRW,1462.45
2024-05-07,MXN,18.1606
2024-05-07,MYR,5.1009
2024-05-07,NOK,11.698
2024-05-07,NZD,1.7918
2024-05-07,PHP,61.678
2024-05-07,PLN,4.3138
2024-05-07,RON,4.9757
2024-05-07,SEK,11.681
2024-05-07,SGD,1.457
2024-05-07,THB,39.683
2024-05-07,TRY,34.741
2024-05-07,USD,1.0766
2024-05-07,ZAR,19.9127
2024-05-08,AUD,1.6374
2024-05-08,BGN,1.9558
2024-05-08,BRL,5.4682
2024-05-08,CAD,1.4784
2024-05-08,CHF,0.977
2024-05-08,CNY,7.7651
2024-05-08,CZK,25.036
2024-05-08,DKK,7.4599
2024-05-08,GBP,0.86083
2024-05-08,HKD,8.3989
2024-05-08,HUF,388.88
2024-05-08,IDR,17271
2024-05-08,ILS,3.9883
2024-05-08,INR,89.7
2024-05-08,ISK,150.1
2024-05-08,JPY,167.15
2024-05-08,KRW,1466.47
2024-05-08,MXN,18.1936
2024-05-08,MYR,5.0949
2024-05-08,NOK,11.757
2024-05-08,NZD,1.7948
2024-05-08,PHP,61.643
2024-05-08,PLN,4.3075
2024-05-08,RON,4.9757
2024-05-08,SEK,11.733
2024-05-08,SGD,1.4572
2024-05-08,THB,39.717
2024-05-08,TRY,34.656
2024-05-08,USD,1.0743
2024-05-08,ZAR,20.041
2024-05-09,AUD,1.6299
2024-05-09,BGN,1.9558
2024-05-09,BRL,5.5189
2024-05-09,CAD,1.4728
2024-05-09,CHF,0.976
2024-05-09,CNY,7.7554
2024-05-09,CZK,24.935
2024-05-09,DKK,7.4594
2024-05-09,GBP,0.85995
2024-05-09,HKD,8.3881
2024-05-09,HUF,387.95
2024-05-09,IDR,17249
2024-05-09,ILS,4.014
2024-05-09,INR,89.61
2024-05-09,ISK,150.3
2024-05-09,JPY,167.32
2024-05-09,KRW,1471.57
2024-05-09,MXN,18.1764
2024-05-09,MYR,5.0878
2024-05-09,NOK,11.7215
2024-05-09,NZD,1.7881
2024-05-09,PHP,61.569
2024-05-09,PLN,4.292
2024-05-09,RON,4.9753
2024-05-09,SEK,11.7205
2024-05-09,SGD,1.4558
2024-05-09,THB,39.617
2024-05-09,TRY,34.581
2024-05-09,USD,1.0732
2024-05-09,ZAR,19.8856
2024-05-10,AUD,1.632
2024-05-10,BGN,1.9558
2024-05-10,BRL,5.5332
2024-05-10,CAD,1.4747
2024-05-10,CHF,0.9779
2024-05-10,CNY,7.7877
2024-05-10,CZK,24.936
2024-05-10,DKK,7.4607
2024-05-10,GBP,0.86055
2024-05-10,HKD,8.4228
2024-05-10,HUF,387.72
2024-05-10,IDR,17292
2024-05-10,ILS,4.0091
2024-05-10,INR,90.02
2024-05-10,ISK,150.3
2024-05-10,JPY,167.87
2024-05-10,KRW,1472.72
2024-05-10,MXN,18.073
2024-05-10,MYR,5.1082
2024-05-10,NOK,11.6735
2024-05-10,NZD,1.7923
2024-05-10,PHP,61.936
2024-05-10,PLN,4.2968
2024-05-10,RON,4.9758
2024-05-10,SEK,11.6865
2024-05-10,SGD,1.4592
2024-05-10,THB,39.58
2024-05-10,TRY,34.743
2024-05-10,USD,1.0779
2024-05-10,ZAR,19.8673
2024-05-13,AUD,1.6305
2024-05-13,BGN,1.9558
2024-05-13,BRL,5.5486
2024-05-13,CAD,1.4757
2024-05-13,CHF,0.9784
2024-05-13,CNY,7.8095
2024-05-13,CZK,24.779
2024-05-13,DKK,7.4608
2024-05-13,GBP,0.86023
2024-05-13,HKD,8.4329
2024-05-13,HUF,387.0
2024-05-13,IDR,17371
2024-05-13,ILS,4.0161
2024-05-13,INR,90.13
2024-05-13,ISK,150.3
2024-05-13,JPY,168.25
2024-05-13,KRW,1476.01
2024-05-13,MXN,18.0713
2024-05-13,MYR,5.1082
2024-05-13,NOK,11.68
2024-05-13,NZD,1.7923
2024-05-13,PHP,62.417
2024-05-13,PLN,4.286
2024-05-13,RON,4.9762
2024-05-13,SEK,11.7
2024-05-13,SGD,1.4605
2024-05-13,THB,39.688
2024-05-13,TRY,34.77
2024-05-13,USD,1.0795
2024-05-13,ZAR,19.8185
2024-05-14,AUD,1.6329
2024-05-14,BGN,1.9558
2024-05-14,BRL,5.5419
2024-05-14,CAD,1.4753
2024-05-14,CHF,0.9801
2024-05-14,CNY,7.8103
2024-05-14,CZK,24.75
2024-05-14,DKK,7.4608
2024-05-14,GBP,0.85983
2024-05-14,HKD,8.4341
2024-05-14,HUF,386.1
2024-05-14,IDR,17407
2024-05-14,ILS,4.0089
2024-05-14,INR,90.16
2024-05-14,ISK,150.5
2024-05-14,JPY,168.89
2024-05-14,KRW,1476.56
2024-05-14,MXN,18.1363
2024-05-14,MYR,5.0952
2024-05-14,NOK,11.6815
2024-05-14,NZD,1.7934
2024-05-14,PHP,62.452
2024-05-14,PLN,4.2695
2024-05-14,RON,4.9758
2024-05-14,SEK,11.7285
2024-05-14,SGD,1.4609
2024-05-14,THB,39.589
2024-05-14,TRY,34.817
2024-05-14,USD,1.0796
2024-05-14,ZAR,19.8835
2024-05-15,AUD,1.6308
2024-05-15,BGN,1.9558
2024-05-15,BRL,5.5827
2024-05-15,CAD,1.4763
2024-05-15,CHF,0.98
2024-05-15,CNY,7.8212
2024-05-15,CZK,24.766
2024-05-15,DKK,7.4617
2024-05-15,GBP,0.8584
2024-05-15,HKD,8.4578
2024-05-15,HUF,386.0
2024-05-15,IDR,17340
2024-05-15,ILS,4.003
2024-05-15,INR,90.44
2024-05-15,ISK,150.3
2024-05-15,JPY,168.43
2024-05-15,KRW,1471.93
2024-05-15,MXN,18.271
2024-05-15,MYR,5.0986
2024-05-15,NOK,11.649
2024-05-15,NZD,1.786
2024-05-15,PHP,62.284
2024-05-15,PLN,4.269
2024-05-15,RON,4.9758
2024-05-15,SEK,11.6751
2024-05-15,SGD,1.4609
2024-05-15,THB,39.58
2024-05-15,TRY,34.976
2024-05-15,USD,1.0832
2024-05-15,ZAR,19.9073
2024-05-16,AUD,1.629
2024-05-16,BGN,1.9558
2024-05-16,BRL,5.5696
2024-05-16,CAD,1.481
2024-05-16,CHF,0.9822
2024-05-16,CNY,7.843
2024-05-16,CZK,24.709
2024-05-16,DKK,7.4612
2024-05-16,GBP,0.8585
2024-05-16,HKD,8.4798
2024-05-16,HUF,386.18
2024-05-16,IDR,17297
2024-05-16,ILS,4.0057
2024-05-16,INR,90.73
2024-05-16,ISK,150.3
2024-05-16,JPY,168.33
2024-05-16,KRW,1463.04
2024-05-16,MXN,18.1784
2024-05-16,MYR,5.0885
2024-05-16,NOK,11.642
2024-05-16,NZD,1.7794
2024-05-16,PHP,62.49
2024-05-16,PLN,4.2648
2024-05-16,RON,4.9755
2024-05-16,SEK,11.6172
2024-05-16,SGD,1.4617
2024-05-16,THB,39.291
2024-05-16,TRY,34.99
2024-05-16,USD,1.0866
2024-05-16,ZAR,19.7911
2024-05-17,AUD,1.6281
2024-05-17,BGN,1.9558
2024-05-17,BRL,5.5645
2024-05-17,CAD,1.4784
2024-05-17,CHF,0.9855
2024-05-17,CNY,7.837
2024-05-17,CZK,24.722
2024-05-17,DKK,7.4615
2024-05-17,GBP,0.85685
2024-05-17,HKD,8.46
2024-05-17,HUF,387.6
2024-05-17,IDR,17316
2024-05-17,ILS,4.0318
2024-05-17,INR,90.39
2024-05-17,ISK,150.3
2024-05-17,JPY,168.96
2024-05-17,KRW,1471.55
2024-05-17,MXN,18.0889
2024-05-17,MYR,5.0831
2024-05-17,NOK,11.633
2024-05-17,NZD,1.7751
2024-05-17,PHP,62.559
2024-05-17,PLN,4.265
2024-05-17,RON,4.9752
2024-05-17,SEK,11.655
2024-05-17,SGD,1.4609
2024-05-17,THB,39.358
2024-05-17,TRY,34.985
2024-05-17,USD,1.0844
2024-05-17,ZAR,19.8068
2024-05-20,AUD,1.6259
2024-05-20,BGN,1.9558
2024-05-20,BRL,5.559
2024-05-20,CAD,1.4798
2024-05-20,CHF,0.988
2024-05-20,CNY,7.856
2024-05-20,CZK,24.748
2024-05-20,DKK,7.4611
2024-05-20,GBP,0.85548
2024-05-20,HKD,8.4712
2024-05-20,HUF,385.65
2024-05-20,IDR,17352
2024-05-20,ILS,4.0267
2024-05-20,INR,90.47
2024-05-20,ISK,150.3
2024-05-20,JPY,169.25
2024-05-20,KRW,1477.31
2024-05-20,MXN,18.0315
2024-05-20,MYR,5.0884
2024-05-20,NOK,11.6115
2024-05-20,NZD,1.7773
2024-05-20,PHP,62.853
2024-05-20,PLN,4.2533
2024-05-20,RON,4.975
2024-05-20,SEK,11.6127
2024-05-20,SGD,1.4628
2024-05-20,THB,39.214
2024-05-20,TRY,34.972
2024-05-20,USD,1.0861
2024-05-20,ZAR,19.8052
2024-05-21,AUD,1.6278
2024-05-21,BGN,1.9558
2024-05-21,BRL,5.5371
2024-05-21,CAD,1.4797
2024-05-21,CHF,0.9884
2024-05-21,CNY,7.861
2024-05-21,CZK,24.682
2024-05-21,DKK,7.4617
2024-05-21,GBP,0.8544
2024-05-21,HKD,8.4778
2024-05-21,HUF,385.43
2024-05-21,IDR,17384
2024-05-21,ILS,3.9892
2024-05-21,INR,90.51
2024-05-21,ISK,150.1
2024-05-21,JPY,169.86
2024-05-21,KRW,1480.56
2024-05-21,MXN,17.98
2024-05-21,MYR,5.0979
2024-05-21,NOK,11.583
2024-05-21,NZD,1.781
2024-05-21,PHP,63.294
2024-05-21,PLN,4.2553
2024-05-21,RON,4.9743
2024-05-21,SEK,11.581
2024-05-21,SGD,1.4632
2024-05-21,THB,39.425
2024-05-21,TRY,34.975
2024-05-21,USD,1.0864
2024-05-21,ZAR,19.6955
2024-05-22,AUD,1.6288
2024-05-22,BGN,1.9558
2024-05-22,BRL,5.5647
2024-05-22,CAD,1.481
2024-05-22,CHF,0.9905
2024-05-22,CNY,7.8414
2024-05-22,CZK,24.748
2024-05-22,DKK,7.4617
2024-05-22,GBP,0.85165
2024-05-22,HKD,8.4538
2024-05-22,HUF,388.05
2024-05-22,IDR,17371
2024-05-22,ILS,3.9853
2024-05-22,INR,90.21
2024-05-22,ISK,150.1
2024-05-22,JPY,169.54
2024-05-22,KRW,1480.95
2024-05-22,MXN,18.0397
2024-05-22,MYR,5.082
2024-05-22,NOK,11.585
2024-05-22,NZD,1.7724
2024-05-22,PHP,62.825
2024-05-22,PLN,4.2686
2024-05-22,RON,4.9751
2024-05-22,SEK,11.6325
2024-05-22,SGD,1.4616
2024-05-22,THB,39.448
2024-05-22,TRY,34.855
2024-05-22,USD,1.083
2024-05-22,ZAR,19.7464
2024-05-23,AUD,1.6333
2024-05-23,BGN,1.9558
2024-05-23,BRL,5.5745
2024-05-23,CAD,1.4832
2024-05-23,CHF,0.9907
2024-05-23,CNY,7.8578
2024-05-23,CZK,24.738
2024-05-23,DKK,7.4624
2024-05-23,GBP,0.85175
2024-05-23,HKD,8.4749
2024-05-23,HUF,387.08
2024-05-23,IDR,17399
2024-05-23,ILS,3.9863
2024-05-23,INR,90.34
2024-05-23,ISK,150.1
2024-05-23,JPY,169.9
2024-05-23,KRW,1476.66
2024-05-23,MXN,18.0534
2024-05-23,MYR,5.1063
2024-05-23,NOK,11.5165
2024-05-23,NZD,1.7703
2024-05-23,PHP,63.138
2024-05-23,PLN,4.263
2024-05-23,RON,4.9754
2024-05-23,SEK,11.5925
2024-05-23,SGD,1.4637
2024-05-23,THB,39.612
2024-05-23,TRY,34.972
2024-05-23,USD,1.0854
2024-05-23,ZAR,19.9118
2024-05-24,AUD,1.6394
2024-05-24,BGN,1.9558
2024-05-24,BRL,5.5722
2024-05-24,CAD,1.4865
2024-05-24,CHF,0.9924
2024-05-24,CNY,7.8522
2024-05-24,CZK,24.736
2024-05-24,DKK,7.4612
2024-05-24,GBP,0.85241
2024-05-24,HKD,8.468
2024-05-24,HUF,385.18
2024-05-24,IDR,17378
2024-05-24,ILS,3.9801
2024-05-24,INR,90.1
2024-05-24,ISK,149.9
2024-05-24,JPY,170.28
2024-05-24,KRW,1480.44
2024-05-24,MXN,18.0844
2024-05-24,MYR,5.1073
2024-05-24,NOK,11.4953
2024-05-24,NZD,1.7747
2024-05-24,PHP,63.078
2024-05-24,PLN,4.2553
2024-05-24,RON,4.9743
2024-05-24,SEK,11.599
2024-05-24,SGD,1.4639
2024-05-24,THB,39.756
2024-05-24,TRY,34.954
2024-05-24,USD,1.084
2024-05-24,ZAR,19.9506
2024-05-27,AUD,1.632
2024-05-27,BGN,1.9558
2024-05-27,BRL,5.6038
2024-05-27,CAD,1.4813
2024-05-27,CHF,0.9922
2024-05-27,CNY,7.8545
2024-05-27,CZK,24.733
2024-05-27,DKK,7.4619
2024-05-27,GBP,0.8507
2024-05-27,HKD,8.4663
2024-05-27,HUF,384.7
2024-05-27,IDR,17422
2024-05-27,ILS,3.9851
2024-05-27,INR,90.14
2024-05-27,ISK,149.7
2024-05-27,JPY,170.07
2024-05-27,KRW,1478.03
2024-05-27,MXN,18.0901
2024-05-27,MYR,5.093
2024-05-27,NOK,11.415
2024-05-27,NZD,1.7665
2024-05-27,PHP,63.09
2024-05-27,PLN,4.2553
2024-05-27,RON,4.9763
2024-05-27,SEK,11.54
2024-05-27,SGD,1.4633
2024-05-27,THB,39.702
2024-05-27,TRY,34.9
2024-05-27,USD,1.0843
2024-05-27,ZAR,19.9632
2024-05-28,AUD,1.6314
2024-05-28,BGN,1.9558
2024-05-28,BRL,5.6141
2024-05-28,CAD,1.482
2024-05-28,CHF,0.9908
2024-05-28,CNY,7.8842
2024-05-28,CZK,24.655
2024-05-28,DKK,7.4616
2024-05-28,GBP,0.8508
2024-05-28,HKD,8.4994
2024-05-28,HUF,382.78
2024-05-28,IDR,17496
2024-05-28,ILS,3.9948
2024-05-28,INR,90.52
2024-05-28,ISK,149.3
2024-05-28,JPY,170.54
2024-05-28,KRW,1477.78
2024-05-28,MXN,18.1116
2024-05-28,MYR,5.1077
2024-05-28,NOK,11.407
2024-05-28,NZD,1.7648
2024-05-28,PHP,63.083
2024-05-28,PLN,4.2483
2024-05-28,RON,4.9759
2024-05-28,SEK,11.466
2024-05-28,SGD,1.4659
2024-05-28,THB,39.823
2024-05-28,TRY,35.022
2024-05-28,USD,1.0882
2024-05-28,ZAR,19.9443
2024-05-29,AUD,1.637
2024-05-29,BGN,1.9558
2024-05-29,BRL,5.6149
2024-05-29,CAD,1.4838
2024-05-29,CHF,0.9907
2024-05-29,CNY,7.8706
2024-05-29,CZK,24.731
2024-05-29,DKK,7.4607
2024-05-29,GBP,0.8513
2024-05-29,HKD,8.4811
2024-05-29,HUF,387.08
2024-05-29,IDR,17580
2024-05-29,ILS,4.0153
2024-05-29,INR,90.53
2024-05-29,ISK,149.1
2024-05-29,JPY,170.74
2024-05-29,KRW,1484.62
2024-05-29,MXN,18.2588
2024-05-29,MYR,5.1066
2024-05-29,NOK,11.417
2024-05-29,NZD,1.7716
2024-05-29,PHP,63.481
2024-05-29,PLN,4.264
2024-05-29,RON,4.9768
2024-05-29,SEK,11.5215
2024-05-29,SGD,1.4652
2024-05-29,THB,39.948
2024-05-29,TRY,34.989
2024-05-29,USD,1.0857
2024-05-29,ZAR,19.9
2024-05-30,AUD,1.6341
2024-05-30,BGN,1.9558
2024-05-30,BRL,5.6279
2024-05-30,CAD,1.4828
2024-05-30,CHF,0.9808
2024-05-30,CNY,7.8261
2024-05-30,CZK,24.77
2024-05-30,DKK,7.4595
2024-05-30,GBP,0.85105
2024-05-30,HKD,8.4556
2024-05-30,HUF,389.45
2024-05-30,IDR,17564
2024-05-30,ILS,4.0247
2024-05-30,INR,90.07
2024-05-30,ISK,148.9
2024-05-30,JPY,169.5
2024-05-30,KRW,1488.66
2024-05-30,MXN,18.4071
2024-05-30,MYR,5.0874
2024-05-30,NOK,11.4065
2024-05-30,NZD,1.7706
2024-05-30,PHP,63.354
2024-05-30,PLN,4.2848
2024-05-30,RON,4.9764
2024-05-30,SEK,11.4995
2024-05-30,SGD,1.4612
2024-05-30,THB,39.745
2024-05-30,TRY,34.904
2024-05-30,USD,1.0815
2024-05-30,ZAR,20.15
2024-05-31,AUD,1.6315
2024-05-31,BGN,1.9558
2024-05-31,BRL,5.6418
2024-05-31,CAD,1.4804
2024-05-31,CHF,0.9818
2024-05-31,CNY,7.8577
2024-05-31,CZK,24.709
2024-05-31,DKK,7.4588
2024-05-31,GBP,0.85365
2024-05-31,HKD,8.4838
2024-05-31,HUF,388.83
2024-05-31,IDR,17642
2024-05-31,ILS,4.0342
2024-05-31,INR,90.53
2024-05-31,ISK,149.1
2024-05-31,JPY,170.52
2024-05-31,KRW,1501.11
2024-05-31,MXN,18.4387
2024-05-31,MYR,5.108
2024-05-31,NOK,11.383
2024-05-31,NZD,1.7696
2024-05-31,PHP,63.604
2024-05-31,PLN,4.2645
2024-05-31,RON,4.9767
2024-05-31,SEK,11.421
2024-05-31,SGD,1.4663
2024-05-31,THB,39.925
2024-05-31,TRY,34.969
2024-05-31,USD,1.0852
2024-05-31,ZAR,20.293
2024-06-03,AUD,1.629
2024-06-03,BGN,1.9558
2024-06-03,BRL,5.6957
2024-06-03,CAD,1.4784
2024-06-03,CHF,0.9772
2024-06-03,CNY,7.8562
2024-06-03,CZK,24.724
2024-06-03,DKK,7.459
2024-06-03,GBP,0.85175
2024-06-03,HKD,8.4797
2024-06-03,HUF,391.4
2024-06-03,IDR,17595
2024-06-03,ILS,3.9692
2024-06-03,INR,90.12
2024-06-03,ISK,149.5
2024-06-03,JPY,170.09
2024-06-03,KRW,1493.24
2024-06-03,MXN,19.0161
2024-06-03,MYR,5.1033
2024-06-03,NOK,11.3885
2024-06-03,NZD,1.7614
2024-06-03,PHP,63.653
2024-06-03,PLN,4.2815
2024-06-03,RON,4.9762
2024-06-03,SEK,11.4035
2024-06-03,SGD,1.4638
2024-06-03,THB,39.937
2024-06-03,TRY,34.91
2024-06-03,USD,1.0842
2024-06-03,ZAR,20.253
2024-06-04,AUD,1.6364
2024-06-04,BGN,1.9558
2024-06-04,BRL,5.7284
2024-06-04,CAD,1.486
2024-06-04,CHF,0.9703
2024-06-04,CNY,7.863
2024-06-04,CZK,24.755
2024-06-04,DKK,7.459
2024-06-04,GBP,0.85143
2024-06-04,HKD,8.4901
2024-06-04,HUF,392.28
2024-06-04,IDR,17680
2024-06-04,ILS,4.005
2024-06-04,INR,90.69
2024-06-04,ISK,149.9
2024-06-04,JPY,168.29
2024-06-04,KRW,1495.71
2024-06-04,MXN,19.5326
2024-06-04,MYR,5.1087
2024-06-04,NOK,11.489
2024-06-04,NZD,1.7624
2024-06-04,PHP,63.854
2024-06-04,PLN,4.3005
2024-06-04,RON,4.975
2024-06-04,SEK,11.3755
2024-06-04,SGD,1.464
2024-06-04,THB,39.733
2024-06-04,TRY,35.222
2024-06-04,USD,1.0865
2024-06-04,ZAR,20.299
2024-06-05,AUD,1.6353
2024-06-05,BGN,1.9558
2024-06-05,BRL,5.7259
2024-06-05,CAD,1.4867
2024-06-05,CHF,0.9704
2024-06-05,CNY,7.8795
2024-06-05,CZK,24.654
2024-06-05,DKK,7.4592
2024-06-05,GBP,0.85048
2024-06-05,HKD,8.4904
2024-06-05,HUF,391.73
2024-06-05,IDR,17763
2024-06-05,ILS,4.0302
2024-06-05,INR,90.71
2024-06-05,ISK,149.5
2024-06-05,JPY,169.72
2024-06-05,KRW,1491.34
2024-06-05,MXN,19.1919
2024-06-05,MYR,5.1077
2024-06-05,NOK,11.475
2024-06-05,NZD,1.7577
2024-06-05,PHP,63.938
2024-06-05,PLN,4.3045
2024-06-05,RON,4.9755
2024-06-05,SEK,11.3275
2024-06-05,SGD,1.4657
2024-06-05,THB,39.906
2024-06-05,TRY,35.232
2024-06-05,USD,1.0872
2024-06-05,ZAR,20.587
2024-06-06,AUD,1.6368
2024-06-06,BGN,1.9558
2024-06-06,BRL,5.7623
2024-06-06,CAD,1.4879
2024-06-06,CHF,0.9687
2024-06-06,CNY,7.8715
2024-06-06,CZK,24.632
2024-06-06,DKK,7.4592
2024-06-06,GBP,0.85088
2024-06-06,HKD,8.4853
2024-06-06,HUF,390.68
2024-06-06,IDR,17671
2024-06-06,ILS,4.0503
2024-06-06,INR,90.71
2024-06-06,ISK,149.7
2024-06-06,JPY,169.74
2024-06-06,KRW,1486.44
2024-06-06,MXN,19.1254
2024-06-06,MYR,5.1
2024-06-06,NOK,11.5
2024-06-06,NZD,1.7584
2024-06-06,PHP,63.734
2024-06-06,PLN,4.3015
2024-06-06,RON,4.9758
2024-06-06,SEK,11.293
2024-06-06,SGD,1.4648
2024-06-06,THB,39.679
2024-06-06,TRY,35.026
2024-06-06,USD,1.0865
2024-06-06,ZAR,20.628
2024-06-07,AUD,1.6345
2024-06-07,BGN,1.9558
2024-06-07,BRL,5.7158
2024-06-07,CAD,1.4902
2024-06-07,CHF,0.9696
2024-06-07,CNY,7.8916
2024-06-07,CZK,24.577
2024-06-07,DKK,7.4613
2024-06-07,GBP,0.8512
2024-06-07,HKD,8.5095
2024-06-07,HUF,388.92
2024-06-07,IDR,17646
2024-06-07,ILS,4.0723
2024-06-07,INR,90.89
2024-06-07,ISK,149.9
2024-06-07,JPY,169.52
2024-06-07,KRW,1489.97
2024-06-07,MXN,19.4943
2024-06-07,MYR,5.1123
2024-06-07,NOK,11.4865
2024-06-07,NZD,1.7596
2024-06-07,PHP,63.786
2024-06-07,PLN,4.288
2024-06-07,RON,4.9763
2024-06-07,SEK,11.3075
2024-06-07,SGD,1.4653
2024-06-07,THB,39.756
2024-06-07,TRY,35.165
2024-06-07,USD,1.0898
2024-06-07,ZAR,20.482
2024-06-10,AUD,1.6304
2024-06-10,BGN,1.9558
2024-06-10,BRL,5.72
2024-06-10,CAD,1.4801
2024-06-10,CHF,0.9637
2024-06-10,CNY,7.7957
2024-06-10,CZK,24.636
2024-06-10,DKK,7.4592
2024-06-10,GBP,0.84565
2024-06-10,HKD,8.4043
2024-06-10,HUF,394.15
2024-06-10,IDR,17530
2024-06-10,ILS,4.0242
2024-06-10,INR,89.8
2024-06-10,ISK,149.7
2024-06-10,JPY,168.74
2024-06-10,KRW,1479.33
2024-06-10,MXN,19.7531
2024-06-10,MYR,5.0779
2024-06-10,NOK,11.512
2024-06-10,NZD,1.7595
2024-06-10,PHP,63.243
2024-06-10,PLN,4.324
2024-06-10,RON,4.9769
2024-06-10,SEK,11.333
2024-06-10,SGD,1.4548
2024-06-10,THB,39.544
2024-06-10,TRY,34.87
2024-06-10,USD,1.0756
2024-06-10,ZAR,20.123
2024-06-11,AUD,1.626
2024-06-11,BGN,1.9558
2024-06-11,BRL,5.7464
2024-06-11,CAD,1.4781
2024-06-11,CHF,0.9622
2024-06-11,CNY,7.7839
2024-06-11,CZK,24.706
2024-06-11,DKK,7.4584
2024-06-11,GBP,0.84198
2024-06-11,HKD,8.3802
2024-06-11,HUF,394.63
2024-06-11,IDR,17488
2024-06-11,ILS,3.9923
2024-06-11,INR,89.67
2024-06-11,ISK,149.5
2024-06-11,JPY,168.46
2024-06-11,KRW,1479.23
2024-06-11,MXN,19.7008
2024-06-11,MYR,5.064
2024-06-11,NOK,11.491
2024-06-11,NZD,1.7513
2024-06-11,PHP,63.071
2024-06-11,PLN,4.3413
2024-06-11,RON,4.9768
2024-06-11,SEK,11.2467
2024-06-11,SGD,1.4517
2024-06-11,THB,39.433
2024-06-11,TRY,34.74
2024-06-11,USD,1.073
2024-06-11,ZAR,19.9574
2024-06-12,AUD,1.628
2024-06-12,BGN,1.9558
2024-06-12,BRL,5.7912
2024-06-12,CAD,1.4795
2024-06-12,CHF,0.9641
2024-06-12,CNY,7.8086
2024-06-12,CZK,24.686
2024-06-12,DKK,7.4588
2024-06-12,GBP,0.84365
2024-06-12,HKD,8.4082
2024-06-12,HUF,395.28
2024-06-12,IDR,17553
2024-06-12,ILS,3.9902
2024-06-12,INR,89.95
2024-06-12,ISK,149.5
2024-06-12,JPY,169.35
2024-06-12,KRW,1481.35
2024-06-12,MXN,20.274
2024-06-12,MYR,5.0784
2024-06-12,NOK,11.4675
2024-06-12,NZD,1.7528
2024-06-12,PHP,63.094
2024-06-12,PLN,4.3385
2024-06-12,RON,4.9768
2024-06-12,SEK,11.2345
2024-06-12,SGD,1.4553
2024-06-12,THB,39.475
2024-06-12,TRY,34.856
2024-06-12,USD,1.0765
2024-06-12,ZAR,20.049
2024-06-13,AUD,1.6232
2024-06-13,BGN,1.9558
2024-06-13,BRL,5.8261
2024-06-13,CAD,1.4823
2024-06-13,CHF,0.9668
2024-06-13,CNY,7.8211
2024-06-13,CZK,24.699
2024-06-13,DKK,7.4593
2024-06-13,GBP,0.84468
2024-06-13,HKD,8.4224
2024-06-13,HUF,396.48
2024-06-13,IDR,17528
2024-06-13,ILS,4.0108
2024-06-13,INR,90.11
2024-06-13,ISK,149.3
2024-06-13,JPY,169.58
2024-06-13,KRW,1482.31
2024-06-13,MXN,20.165
2024-06-13,MYR,5.0766
2024-06-13,NOK,11.4315
2024-06-13,NZD,1.7477
2024-06-13,PHP,63.173
2024-06-13,PLN,4.3473
2024-06-13,RON,4.9773
2024-06-13,SEK,11.221
2024-06-13,SGD,1.4557
2024-06-13,THB,39.593
2024-06-13,TRY,34.831
2024-06-13,USD,1.0784
2024-06-13,ZAR,19.8385
2024-06-14,AUD,1.6156
2024-06-14,BGN,1.9558
2024-06-14,BRL,5.7321
2024-06-14,CAD,1.4704
2024-06-14,CHF,0.9534
2024-06-14,CNY,7.7529
2024-06-14,CZK,24.736
2024-06-14,DKK,7.4605
2024-06-14,GBP,0.84205
2024-06-14,HKD,8.347
2024-06-14,HUF,398.0
2024-06-14,IDR,17617
2024-06-14,ILS,3.9848
2024-06-14,INR,89.27
2024-06-14,ISK,149.1
2024-06-14,JPY,167.8
2024-06-14,KRW,1480.8
2024-06-14,MXN,19.8471
2024-06-14,MYR,5.0433
2024-06-14,NOK,11.4025
2024-06-14,NZD,1.7418
2024-06-14,PHP,62.677
2024-06-14,PLN,4.3733
2024-06-14,RON,4.9773
2024-06-14,SEK,11.2731
2024-06-14,SGD,1.4464
2024-06-14,THB,39.228
2024-06-14,TRY,34.883
2024-06-14,USD,1.0686
2024-06-14,ZAR,19.6019
2024-06-17,AUD,1.6246
2024-06-17,BGN,1.9558
2024-06-17,BRL,5.7841
2024-06-17,CAD,1.4726
2024-06-17,CHF,0.9561
2024-06-17,CNY,7.7728
2024-06-17,CZK,24.699
2024-06-17,DKK,7.4603
2024-06-17,GBP,0.84573
2024-06-17,HKD,8.3667
2024-06-17,HUF,396.25
2024-06-17,IDR,17630
2024-06-17,ILS,3.9919
2024-06-17,INR,89.49
2024-06-17,ISK,149.5
2024-06-17,JPY,169.11
2024-06-17,KRW,1480.65
2024-06-17,MXN,19.8594
2024-06-17,MYR,5.0555
2024-06-17,NOK,11.486
2024-06-17,NZD,1.7526
2024-06-17,PHP,62.879
2024-06-17,PLN,4.36
2024-06-17,RON,4.9769
2024-06-17,SEK,11.2933
2024-06-17,SGD,1.4497
2024-06-17,THB,39.415
2024-06-17,TRY,35.195
2024-06-17,USD,1.0712
2024-06-17,ZAR,19.5862
2024-06-18,AUD,1.6207
2024-06-18,BGN,1.9558
2024-06-18,BRL,5.8275
2024-06-18,CAD,1.4731
2024-06-18,CHF,0.9512
2024-06-18,CNY,7.7748
2024-06-18,CZK,24.767
2024-06-18,DKK,7.4601
2024-06-18,GBP,0.8454
2024-06-18,HKD,8.3664
2024-06-18,HUF,395.13
2024-06-18,IDR,17594
2024-06-18,ILS,3.9867
2024-06-18,INR,89.39
2024-06-18,ISK,149.3
2024-06-18,JPY,169.41
2024-06-18,KRW,1484.07
2024-06-18,MXN,19.7167
2024-06-18,MYR,5.0511
2024-06-18,NOK,11.448
2024-06-18,NZD,1.7562
2024-06-18,PHP,62.913
2024-06-18,PLN,4.3503
2024-06-18,RON,4.9763
2024-06-18,SEK,11.255
2024-06-18,SGD,1.451
2024-06-18,THB,39.447
2024-06-18,TRY,34.977
2024-06-18,USD,1.0715
2024-06-18,ZAR,19.4298
2024-06-19,AUD,1.6125
2024-06-19,BGN,1.9558
2024-06-19,BRL,5.8479
2024-06-19,CAD,1.4737
2024-06-19,CHF,0.9506
2024-06-19,CNY,7.8005
2024-06-19,CZK,24.91
2024-06-19,DKK,7.4592
2024-06-19,GBP,0.84455
2024-06-19,HKD,8.3905
2024-06-19,HUF,396.34
2024-06-19,IDR,17610
2024-06-19,ILS,3.9958
2024-06-19,INR,89.68
2024-06-19,ISK,149.3
2024-06-19,JPY,169.78
2024-06-19,KRW,1484.25
2024-06-19,MXN,19.8583
2024-06-19,MYR,5.059
2024-06-19,NOK,11.354
2024-06-19,NZD,1.7528
2024-06-19,PHP,63.156
2024-06-19,PLN,4.33
2024-06-19,RON,4.9768
2024-06-19,SEK,11.214
2024-06-19,SGD,1.4519
2024-06-19,THB,39.417
2024-06-19,TRY,34.975
2024-06-19,USD,1.0749
2024-06-19,ZAR,19.3752
2024-06-20,AUD,1.6076
2024-06-20,BGN,1.9558
2024-06-20,BRL,5.7921
2024-06-20,CAD,1.4696
2024-06-20,CHF,0.9546
2024-06-20,CNY,7.7825
2024-06-20,CZK,24.898
2024-06-20,DKK,7.4581
2024-06-20,GBP,0.84513
2024-06-20,HKD,8.3654
2024-06-20,HUF,397.39
2024-06-20,IDR,17678
2024-06-20,ILS,3.9948
2024-06-20,INR,89.62
2024-06-20,ISK,149.3
2024-06-20,JPY,169.82
2024-06-20,KRW,1488.01
2024-06-20,MXN,19.7453
2024-06-20,MYR,5.0492
2024-06-20,NOK,11.2915
2024-06-20,NZD,1.7492
2024-06-20,PHP,63.124
2024-06-20,PLN,4.321
2024-06-20,RON,4.9771
2024-06-20,SEK,11.198
2024-06-20,SGD,1.4504
2024-06-20,THB,39.403
2024-06-20,TRY,35.172
2024-06-20,USD,1.0719
2024-06-20,ZAR,19.4066
2024-06-21,AUD,1.6031
2024-06-21,BGN,1.9558
2024-06-21,BRL,5.8107
2024-06-21,CAD,1.4632
2024-06-21,CHF,0.9537
2024-06-21,CNY,7.7602
2024-06-21,CZK,24.949
2024-06-21,DKK,7.458
2024-06-21,GBP,0.84531
2024-06-21,HKD,8.3401
2024-06-21,HUF,396.93
2024-06-21,IDR,17598
2024-06-21,ILS,4.0097
2024-06-21,INR,89.32
2024-06-21,ISK,149.1
2024-06-21,JPY,169.82
2024-06-21,KRW,1484.58
2024-06-21,MXN,19.5271
2024-06-21,MYR,5.0373
2024-06-21,NOK,11.2685
2024-06-21,NZD,1.7427
2024-06-21,PHP,62.92
2024-06-21,PLN,4.322
2024-06-21,RON,4.9773
2024-06-21,SEK,11.2445
2024-06-21,SGD,1.4468
2024-06-21,THB,39.15
2024-06-21,TRY,35.113
2024-06-21,USD,1.0688
2024-06-21,ZAR,19.1241
2024-06-24,AUD,1.6157
2024-06-24,BGN,1.9558
2024-06-24,BRL,5.8278
2024-06-24,CAD,1.4682
2024-06-24,CHF,0.9586
2024-06-24,CNY,7.7891
2024-06-24,CZK,24.893
2024-06-24,DKK,7.4593
2024-06-24,GBP,0.8473
2024-06-24,HKD,8.3772
2024-06-24,HUF,394.36
2024-06-24,IDR,17596
2024-06-24,ILS,4.0003
2024-06-24,INR,89.58
2024-06-24,ISK,149.1
2024-06-24,JPY,171.17
2024-06-24,KRW,1489.57
2024-06-24,MXN,19.3887
2024-06-24,MYR,5.0554
2024-06-24,NOK,11.349
2024-06-24,NZD,1.7543
2024-06-24,PHP,63.066
2024-06-24,PLN,4.3003
2024-06-24,RON,4.9774
2024-06-24,SEK,11.2555
2024-06-24,SGD,1.452
2024-06-24,THB,39.347
2024-06-24,TRY,35.295
2024-06-24,USD,1.073
2024-06-24,ZAR,19.5122
2024-06-25,AUD,1.6109
2024-06-25,BGN,1.9558
2024-06-25,BRL,5.8015
2024-06-25,CAD,1.465
2024-06-25,CHF,0.9575
2024-06-25,CNY,7.7811
2024-06-25,CZK,24.819
2024-06-25,DKK,7.4594
2024-06-25,GBP,0.84465
2024-06-25,HKD,8.3652
2024-06-25,HUF,396.0
2024-06-25,IDR,17560
2024-06-25,ILS,3.9968
2024-06-25,INR,89.39
2024-06-25,ISK,149.1
2024-06-25,JPY,170.84
2024-06-25,KRW,1491.03
2024-06-25,MXN,19.3338
2024-06-25,MYR,5.0404
2024-06-25,NOK,11.3265
2024-06-25,NZD,1.7498
2024-06-25,PHP,62.966
2024-06-25,PLN,4.2995
2024-06-25,RON,4.977
2024-06-25,SEK,11.2255
2024-06-25,SGD,1.4499
2024-06-25,THB,39.272
2024-06-25,TRY,35.316
2024-06-25,USD,1.0714
2024-06-25,ZAR,19.4537
2024-06-26,AUD,1.6053
2024-06-26,BGN,1.9558
2024-06-26,BRL,5.8524
2024-06-26,CAD,1.4628
2024-06-26,CHF,0.9585
2024-06-26,CNY,7.7673
2024-06-26,CZK,24.877
2024-06-26,DKK,7.4591
2024-06-26,GBP,0.84453
2024-06-26,HKD,8.3459
2024-06-26,HUF,396.53
2024-06-26,IDR,17564
2024-06-26,ILS,4.0054
2024-06-26,INR,89.32
2024-06-26,ISK,149.1
2024-06-26,JPY,171.42
2024-06-26,KRW,1488.06
2024-06-26,MXN,19.4941
2024-06-26,MYR,5.042
2024-06-26,NOK,11.3945
2024-06-26,NZD,1.7537
2024-06-26,PHP,63.029
2024-06-26,PLN,4.3075
2024-06-26,RON,4.9769
2024-06-26,SEK,11.3038
2024-06-26,SGD,1.4513
2024-06-26,THB,39.394
2024-06-26,TRY,35.196
2024-06-26,USD,1.0689
2024-06-26,ZAR,19.4243
2024-06-27,AUD,1.6078
2024-06-27,BGN,1.9558
2024-06-27,BRL,5.8887
2024-06-27,CAD,1.4647
2024-06-27,CHF,0.9604
2024-06-27,CNY,7.7745
2024-06-27,CZK,24.933
2024-06-27,DKK,7.4583
2024-06-27,GBP,0.8459
2024-06-27,HKD,8.3521
2024-06-27,HUF,397.68
2024-06-27,IDR,17530
2024-06-27,ILS,4.0171
2024-06-27,INR,89.24
2024-06-27,ISK,148.9
2024-06-27,JPY,171.66
2024-06-27,KRW,1482.71
2024-06-27,MXN,19.678
2024-06-27,MYR,5.048
2024-06-27,NOK,11.398
2024-06-27,NZD,1.7543
2024-06-27,PHP,62.705
2024-06-27,PLN,4.3188
2024-06-27,RON,4.9779
2024-06-27,SEK,11.338
2024-06-27,SGD,1.4519
2024-06-27,THB,39.393
2024-06-27,TRY,35.172
2024-06-27,USD,1.0696
2024-06-27,ZAR,19.6609
2024-06-28,AUD,1.6079
2024-06-28,BGN,1.9558
2024-06-28,BRL,5.8915
2024-06-28,CAD,1.467
2024-06-28,CHF,0.9634
2024-06-28,CNY,7.7748
2024-06-28,CZK,25.025
2024-06-28,DKK,7.4575
2024-06-28,GBP,0.84638
2024-06-28,HKD,8.3594
2024-06-28,HUF,395.1
2024-06-28,IDR,17487
2024-06-28,ILS,4.02
2024-06-28,INR,89.25
2024-06-28,ISK,148.9
2024-06-28,JPY,171.94
2024-06-28,KRW,1474.86
2024-06-28,MXN,19.5654
2024-06-28,MYR,5.0501
2024-06-28,NOK,11.3965
2024-06-28,NZD,1.7601
2024-06-28,PHP,62.56
2024-06-28,PLN,4.309
2024-06-28,RON,4.9773
2024-06-28,SEK,11.3595
2024-06-28,SGD,1.4513
2024-06-28,THB,39.319
2024-06-28,TRY,35.187
2024-06-28,USD,1.0705
2024-06-28,ZAR,19.497
2024-07-01,AUD,1.6109
2024-07-01,BGN,1.9558
2024-07-01,BRL,6.0016
2024-07-01,CAD,1.4711
2024-07-01,CHF,0.9689
2024-07-01,CNY,7.8097
2024-07-01,CZK,25.048
2024-07-01,DKK,7.4586
2024-07-01,GBP,0.8479
2024-07-01,HKD,8.3945
2024-07-01,HUF,394.25
2024-07-01,IDR,17569
2024-07-01,ILS,4.0304
2024-07-01,INR,89.66
2024-07-01,ISK,148.9
2024-07-01,JPY,173.15
2024-07-01,KRW,1485.41
2024-07-01,MXN,19.7315
2024-07-01,MYR,5.0641
2024-07-01,NOK,11.4315
2024-07-01,NZD,1.7638
2024-07-01,PHP,62.998
2024-07-01,PLN,4.3008
2024-07-01,RON,4.9766
2024-07-01,SEK,11.3675
2024-07-01,SGD,1.4567
2024-07-01,THB,39.434
2024-07-01,TRY,35.113
2024-07-01,USD,1.0745
2024-07-01,ZAR,19.5015
2024-07-02,AUD,1.612
2024-07-02,BGN,1.9558
2024-07-02,BRL,6.0479
2024-07-02,CAD,1.4727
2024-07-02,CHF,0.9697
2024-07-02,CNY,7.8014
2024-07-02,CZK,25.185
2024-07-02,DKK,7.459
2024-07-02,GBP,0.84755
2024-07-02,HKD,8.3829
2024-07-02,HUF,395.6
2024-07-02,IDR,17570
2024-07-02,ILS,4.0411
2024-07-02,INR,89.54
2024-07-02,ISK,149.3
2024-07-02,JPY,173.31
2024-07-02,KRW,1488.26
2024-07-02,MXN,19.6825
2024-07-02,MYR,5.063
2024-07-02,NOK,11.4795
2024-07-02,NZD,1.7693
2024-07-02,PHP,63.097
2024-07-02,PLN,4.325
2024-07-02,RON,4.9769
2024-07-02,SEK,11.417
2024-07-02,SGD,1.4569
2024-07-02,THB,39.526
2024-07-02,TRY,35.071
2024-07-02,USD,1.0729
2024-07-02,ZAR,19.8161
2024-07-03,AUD,1.6123
2024-07-03,BGN,1.9558
2024-07-03,BRL,6.0813
2024-07-03,CAD,1.4703
2024-07-03,CHF,0.9718
2024-07-03,CNY,7.8247
2024-07-03,CZK,25.194
2024-07-03,DKK,7.4587
2024-07-03,GBP,0.8468
2024-07-03,HKD,8.4033
2024-07-03,HUF,395.08
2024-07-03,IDR,17620
2024-07-03,ILS,4.0496
2024-07-03,INR,89.84
2024-07-03,ISK,149.1
2024-07-03,JPY,174.18
2024-07-03,KRW,1495.26
2024-07-03,MXN,19.6577
2024-07-03,MYR,5.0783
2024-07-03,NOK,11.4583
2024-07-03,NZD,1.7717
2024-07-03,PHP,63.218
2024-07-03,PLN,4.3018
2024-07-03,RON,4.9773
2024-07-03,SEK,11.371
2024-07-03,SGD,1.4593
2024-07-03,THB,39.546
2024-07-03,TRY,35.05
2024-07-03,USD,1.0758
2024-07-03,ZAR,19.905
2024-07-04,AUD,1.6046
2024-07-04,BGN,1.9558
2024-07-04,BRL,5.9345
2024-07-04,CAD,1.4705
2024-07-04,CHF,0.9717
2024-07-04,CNY,7.8515
2024-07-04,CZK,25.143
2024-07-04,DKK,7.4588
2024-07-04,GBP,0.84663
2024-07-04,HKD,8.434
2024-07-04,HUF,393.5
2024-07-04,IDR,17632
2024-07-04,ILS,4.0476
2024-07-04,INR,90.2
2024-07-04,ISK,149.1
2024-07-04,JPY,173.84
2024-07-04,KRW,1491.06
2024-07-04,MXN,19.5801
2024-07-04,MYR,5.0863
2024-07-04,NOK,11.4015
2024-07-04,NZD,1.7641
2024-07-04,PHP,63.211
2024-07-04,PLN,4.2918
2024-07-04,RON,4.9769
2024-07-04,SEK,11.3375
2024-07-04,SGD,1.4594
2024-07-04,THB,39.56
2024-07-04,TRY,35.174
2024-07-04,USD,1.08
2024-07-04,ZAR,19.7867
2024-07-05,AUD,1.6073
2024-07-05,BGN,1.9558
2024-07-05,BRL,5.9419
2024-07-05,CAD,1.4736
2024-07-05,CHF,0.973
2024-07-05,CNY,7.8655
2024-07-05,CZK,25.202
2024-07-05,DKK,7.4593
2024-07-05,GBP,0.84613
2024-07-05,HKD,8.4544
2024-07-05,HUF,392.55
2024-07-05,IDR,17622
2024-07-05,ILS,4.0169
2024-07-05,INR,90.37
2024-07-05,ISK,149.3
2024-07-05,JPY,174.06
2024-07-05,KRW,1494.76
2024-07-05,MXN,19.5472
2024-07-05,MYR,5.097
2024-07-05,NOK,11.448
2024-07-05,NZD,1.7672
2024-07-05,PHP,63.381
2024-07-05,PLN,4.2798
2024-07-05,RON,4.9772
2024-07-05,SEK,11.3605
2024-07-05,SGD,1.4612
2024-07-05,THB,39.594
2024-07-05,TRY,35.406
2024-07-05,USD,1.0824
2024-07-05,ZAR,19.7371
2024-07-08,AUD,1.6067
2024-07-08,BGN,1.9558
2024-07-08,BRL,5.9265
2024-07-08,CAD,1.4772
2024-07-08,CHF,0.9711
2024-07-08,CNY,7.8766
2024-07-08,CZK,25.162
2024-07-08,DKK,7.4586
2024-07-08,GBP,0.8441
2024-07-08,HKD,8.4631
2024-07-08,HUF,394.7
2024-07-08,IDR,17624
2024-07-08,ILS,4.0023
2024-07-08,INR,90.47
2024-07-08,ISK,149.3
2024-07-08,JPY,174.37
2024-07-08,KRW,1499.05
2024-07-08,MXN,19.5399
2024-07-08,MYR,5.1022
2024-07-08,NOK,11.4575
2024-07-08,NZD,1.7655
2024-07-08,PHP,63.462
2024-07-08,PLN,4.2778
2024-07-08,RON,4.9748
2024-07-08,SEK,11.3805
2024-07-08,SGD,1.4618
2024-07-08,THB,39.461
2024-07-08,TRY,35.464
2024-07-08,USD,1.0835
2024-07-08,ZAR,19.6622
2024-07-09,AUD,1.6062
2024-07-09,BGN,1.9558
2024-07-09,BRL,5.9075
2024-07-09,CAD,1.4752
2024-07-09,CHF,0.9712
2024-07-09,CNY,7.8639
2024-07-09,CZK,25.231
2024-07-09,DKK,7.4595
2024-07-09,GBP,0.84491
2024-07-09,HKD,8.4477
2024-07-09,HUF,395.2
2024-07-09,IDR,17593
2024-07-09,ILS,3.9723
2024-07-09,INR,90.29
2024-07-09,ISK,149.1
2024-07-09,JPY,174.2
2024-07-09,KRW,1496.01
2024-07-09,MXN,19.4858
2024-07-09,MYR,5.0907
2024-07-09,NOK,11.489
2024-07-09,NZD,1.7681
2024-07-09,PHP,63.209
2024-07-09,PLN,4.2643
2024-07-09,RON,4.9731
2024-07-09,SEK,11.422
2024-07-09,SGD,1.4608
2024-07-09,THB,39.379
2024-07-09,TRY,35.598
2024-07-09,USD,1.0814
2024-07-09,ZAR,19.654
2024-07-10,AUD,1.6056
2024-07-10,BGN,1.9558
2024-07-10,BRL,5.8435
2024-07-10,CAD,1.4758
2024-07-10,CHF,0.9723
2024-07-10,CNY,7.8763
2024-07-10,CZK,25.379
2024-07-10,DKK,7.4603
2024-07-10,GBP,0.84518
2024-07-10,HKD,8.4554
2024-07-10,HUF,392.68
2024-07-10,IDR,17558
2024-07-10,ILS,3.9574
2024-07-10,INR,90.4
2024-07-10,ISK,149.1
2024-07-10,JPY,174.79
2024-07-10,KRW,1498.46
2024-07-10,MXN,19.2904
2024-07-10,MYR,5.0883
2024-07-10,NOK,11.607
2024-07-10,NZD,1.7804
2024-07-10,PHP,63.118
2024-07-10,PLN,4.2555
2024-07-10,RON,4.9734
2024-07-10,SEK,11.4075
2024-07-10,SGD,1.4605
2024-07-10,THB,39.343
2024-07-10,TRY,35.57
2024-07-10,USD,1.0825
2024-07-10,ZAR,19.5581
2024-07-11,AUD,1.6075
2024-07-11,BGN,1.9558
2024-07-11,BRL,5.8792
2024-07-11,CAD,1.4796
2024-07-11,CHF,0.9749
2024-07-11,CNY,7.8862
2024-07-11,CZK,25.361
2024-07-11,DKK,7.4606
2024-07-11,GBP,0.84305
2024-07-11,HKD,8.4767
2024-07-11,HUF,393.95
2024-07-11,IDR,17562
2024-07-11,ILS,3.9516
2024-07-11,INR,90.72
2024-07-11,ISK,149.3
2024-07-11,JPY,175.39
2024-07-11,KRW,1498.04
2024-07-11,MXN,19.4056
2024-07-11,MYR,5.0883
2024-07-11,NOK,11.6725
2024-07-11,NZD,1.7836
2024-07-11,PHP,63.278
2024-07-11,PLN,4.2545
2024-07-11,RON,4.9755
2024-07-11,SEK,11.419
2024-07-11,SGD,1.4627
2024-07-11,THB,39.387
2024-07-11,TRY,35.679
2024-07-11,USD,1.0855
2024-07-11,ZAR,19.627
2024-07-12,AUD,1.6076
2024-07-12,BGN,1.9558
2024-07-12,BRL,5.9104
2024-07-12,CAD,1.4834
2024-07-12,CHF,0.9747
2024-07-12,CNY,7.8984
2024-07-12,CZK,25.341
2024-07-12,DKK,7.461
2024-07-12,GBP,0.84029
2024-07-12,HKD,8.5019
2024-07-12,HUF,391.9
2024-07-12,IDR,17551
2024-07-12,ILS,3.9529
2024-07-12,INR,90.96
2024-07-12,ISK,149.3
2024-07-12,JPY,172.87
2024-07-12,KRW,1497.89
2024-07-12,MXN,19.3112
2024-07-12,MYR,5.0851
2024-07-12,NOK,11.7025
2024-07-12,NZD,1.7819
2024-07-12,PHP,63.573
2024-07-12,PLN,4.2548
2024-07-12,RON,4.9729
2024-07-12,SEK,11.4965
2024-07-12,SGD,1.4623
2024-07-12,THB,39.367
2024-07-12,TRY,35.966
2024-07-12,USD,1.089
2024-07-12,ZAR,19.5935
2024-07-15,AUD,1.6088
2024-07-15,BGN,1.9558
2024-07-15,BRL,5.9335
2024-07-15,CAD,1.4879
2024-07-15,CHF,0.9755
2024-07-15,CNY,7.9206
2024-07-15,CZK,25.422
2024-07-15,DKK,7.4614
2024-07-15,GBP,0.84045
2024-07-15,HKD,8.5133
2024-07-15,HUF,391.48
2024-07-15,IDR,17654
2024-07-15,ILS,3.9409
2024-07-15,INR,91.17
2024-07-15,ISK,149.3
2024-07-15,JPY,172.34
2024-07-15,KRW,1508.27
2024-07-15,MXN,19.4041
2024-07-15,MYR,5.0952
2024-07-15,NOK,11.746
2024-07-15,NZD,1.7904
2024-07-15,PHP,63.711
2024-07-15,PLN,4.2495
2024-07-15,RON,4.9692
2024-07-15,SEK,11.5375
2024-07-15,SGD,1.464
2024-07-15,THB,39.472
2024-07-15,TRY,36.055
2024-07-15,USD,1.0907
2024-07-15,ZAR,19.8324
2024-07-16,AUD,1.6169
2024-07-16,BGN,1.9558
2024-07-16,BRL,5.9227
2024-07-16,CAD,1.4911
2024-07-16,CHF,0.9761
2024-07-16,CNY,7.9223
2024-07-16,CZK,25.352
2024-07-16,DKK,7.4611
2024-07-16,GBP,0.84058
2024-07-16,HKD,8.5082
2024-07-16,HUF,391.93
2024-07-16,IDR,17633
2024-07-16,ILS,3.9524
2024-07-16,INR,91.11
2024-07-16,ISK,149.3
2024-07-16,JPY,172.65
2024-07-16,KRW,1507.53
2024-07-16,MXN,19.3324
2024-07-16,MYR,5.0978
2024-07-16,NOK,11.7815
2024-07-16,NZD,1.796
2024-07-16,PHP,63.684
2024-07-16,PLN,4.2683
2024-07-16,RON,4.9662
2024-07-16,SEK,11.5545
2024-07-16,SGD,1.4647
2024-07-16,THB,39.329
2024-07-16,TRY,36.078
2024-07-16,USD,1.0902
2024-07-16,ZAR,19.7067
2024-07-17,AUD,1.6222
2024-07-17,BGN,1.9558
2024-07-17,BRL,5.9485
2024-07-17,CAD,1.4949
2024-07-17,CHF,0.9693
2024-07-17,CNY,7.9372
2024-07-17,CZK,25.29
2024-07-17,DKK,7.4595
2024-07-17,GBP,0.83915
2024-07-17,HKD,8.5368
2024-07-17,HUF,391.28
2024-07-17,IDR,17634
2024-07-17,ILS,3.9702
2024-07-17,INR,91.36
2024-07-17,ISK,149.3
2024-07-17,JPY,171.21
2024-07-17,KRW,1508.08
2024-07-17,MXN,19.4385
2024-07-17,MYR,5.0991
2024-07-17,NOK,11.7575
2024-07-17,NZD,1.7975
2024-07-17,PHP,63.703
2024-07-17,PLN,4.2948
2024-07-17,RON,4.9675
2024-07-17,SEK,11.5085
2024-07-17,SGD,1.466
2024-07-17,THB,39.291
2024-07-17,TRY,36.187
2024-07-17,USD,1.0934
2024-07-17,ZAR,19.8772
2024-07-18,AUD,1.6237
2024-07-18,BGN,1.9558
2024-07-18,BRL,6.0101
2024-07-18,CAD,1.4953
2024-07-18,CHF,0.9666
2024-07-18,CNY,7.9327
2024-07-18,CZK,25.264
2024-07-18,DKK,7.4603
2024-07-18,GBP,0.84175
2024-07-18,HKD,8.535
2024-07-18,HUF,389.73
2024-07-18,IDR,17668
2024-07-18,ILS,3.9742
2024-07-18,INR,91.41
2024-07-18,ISK,149.5
2024-07-18,JPY,171.02
2024-07-18,KRW,1511.38
2024-07-18,MXN,19.3675
2024-07-18,MYR,5.1016
2024-07-18,NOK,11.748
2024-07-18,NZD,1.801
2024-07-18,PHP,63.732
2024-07-18,PLN,4.2918
2024-07-18,RON,4.9693
2024-07-18,SEK,11.5338
2024-07-18,SGD,1.4655
2024-07-18,THB,39.299
2024-07-18,TRY,36.165
2024-07-18,USD,1.093
2024-07-18,ZAR,19.895
2024-07-19,AUD,1.6276
2024-07-19,BGN,1.9558
2024-07-19,BRL,6.0303
2024-07-19,CAD,1.4938
2024-07-19,CHF,0.9688
2024-07-19,CNY,7.9165
2024-07-19,CZK,25.261
2024-07-19,DKK,7.461
2024-07-19,GBP,0.8428
2024-07-19,HKD,8.5049
2024-07-19,HUF,390.9
2024-07-19,IDR,17639
2024-07-19,ILS,3.9805
2024-07-19,INR,91.12
2024-07-19,ISK,149.7
2024-07-19,JPY,171.61
2024-07-19,KRW,1511.37
2024-07-19,MXN,19.5065
2024-07-19,MYR,5.1047
2024-07-19,NOK,11.8255
2024-07-19,NZD,1.8087
2024-07-19,PHP,63.549
2024-07-19,PLN,4.2853
2024-07-19,RON,4.9712
2024-07-19,SEK,11.61
2024-07-19,SGD,1.4645
2024-07-19,THB,39.514
2024-07-19,TRY,35.991
2024-07-19,USD,1.089
2024-07-19,ZAR,19.9622
2024-07-22,AUD,1.637
2024-07-22,BGN,1.9558
2024-07-22,BRL,6.0986
2024-07-22,CAD,1.4971
2024-07-22,CHF,0.9671
2024-07-22,CNY,7.9191
2024-07-22,CZK,25.231
2024-07-22,DKK,7.4617
2024-07-22,GBP,0.84215
2024-07-22,HKD,8.5006
2024-07-22,HUF,389.73
2024-07-22,IDR,17648
2024-07-22,ILS,3.9593
2024-07-22,INR,91.09
2024-07-22,ISK,150.1
2024-07-22,JPY,170.8
2024-07-22,KRW,1511.28
2024-07-22,MXN,19.6457
2024-07-22,MYR,5.0961
2024-07-22,NOK,11.9165
2024-07-22,NZD,1.8171
2024-07-22,PHP,63.575
2024-07-22,PLN,4.2788
2024-07-22,RON,4.972
2024-07-22,SEK,11.6295
2024-07-22,SGD,1.4648
2024-07-22,THB,39.54
2024-07-22,TRY,35.906
2024-07-22,USD,1.0888
2024-07-22,ZAR,19.8948
2024-07-23,AUD,1.6396
2024-07-23,BGN,1.9558
2024-07-23,BRL,6.0594
2024-07-23,CAD,1.4944
2024-07-23,CHF,0.9681
2024-07-23,CNY,7.9003
2024-07-23,CZK,25.362
2024-07-23,DKK,7.461
2024-07-23,GBP,0.84073
2024-07-23,HKD,8.4788
2024-07-23,HUF,390.43
2024-07-23,IDR,17611
2024-07-23,ILS,3.9314
2024-07-23,INR,90.91
2024-07-23,ISK,149.7
2024-07-23,JPY,169.64
2024-07-23,KRW,1505.59
2024-07-23,MXN,19.5254
2024-07-23,MYR,5.0738
2024-07-23,NOK,11.9635
2024-07-23,NZD,1.8209
2024-07-23,PHP,63.498
2024-07-23,PLN,4.277
2024-07-23,RON,4.9729
2024-07-23,SEK,11.6735
2024-07-23,SGD,1.4615
2024-07-23,THB,39.324
2024-07-23,TRY,35.759
2024-07-23,USD,1.086
2024-07-23,ZAR,20.007
2024-07-24,AUD,1.6428
2024-07-24,BGN,1.9558
2024-07-24,BRL,6.0759
2024-07-24,CAD,1.4953
2024-07-24,CHF,0.9609
2024-07-24,CNY,7.8934
2024-07-24,CZK,25.425
2024-07-24,DKK,7.4618
2024-07-24,GBP,0.83973
2024-07-24,HKD,8.4716
2024-07-24,HUF,393.28
2024-07-24,IDR,17622
2024-07-24,ILS,3.9403
2024-07-24,INR,90.81
2024-07-24,ISK,149.7
2024-07-24,JPY,167.23
2024-07-24,KRW,1500.01
2024-07-24,MXN,19.8113
2024-07-24,MYR,5.0687
2024-07-24,NOK,11.942
2024-07-24,NZD,1.8267
2024-07-24,PHP,63.558
2024-07-24,PLN,4.289
2024-07-24,RON,4.9706
2024-07-24,SEK,11.6875
2024-07-24,SGD,1.4577
2024-07-24,THB,39.197
2024-07-24,TRY,35.651
2024-07-24,USD,1.0848
2024-07-24,ZAR,19.8662
2024-07-25,AUD,1.6638
2024-07-25,BGN,1.9558
2024-07-25,BRL,6.1638
2024-07-25,CAD,1.502
2024-07-25,CHF,0.9534
2024-07-25,CNY,7.8331
2024-07-25,CZK,25.389
2024-07-25,DKK,7.4625
2024-07-25,GBP,0.8428
2024-07-25,HKD,8.4682
2024-07-25,HUF,393.33
2024-07-25,IDR,17705
2024-07-25,ILS,3.9666
2024-07-25,INR,90.89
2024-07-25,ISK,149.5
2024-07-25,JPY,165.62
2024-07-25,KRW,1497.33
2024-07-25,MXN,20.098
2024-07-25,MYR,5.0598
2024-07-25,NOK,12.0825
2024-07-25,NZD,1.8401
2024-07-25,PHP,63.576
2024-07-25,PLN,4.2968
2024-07-25,RON,4.9697
2024-07-25,SEK,11.774
2024-07-25,SGD,1.4566
2024-07-25,THB,39.264
2024-07-25,TRY,35.908
2024-07-25,USD,1.0851
2024-07-25,ZAR,20.065
2024-07-26,AUD,1.6559
2024-07-26,BGN,1.9558
2024-07-26,BRL,6.117
2024-07-26,CAD,1.5009
2024-07-26,CHF,0.9594
2024-07-26,CNY,7.875
2024-07-26,CZK,25.37
2024-07-26,DKK,7.4626
2024-07-26,GBP,0.84378
2024-07-26,HKD,8.4782
2024-07-26,HUF,390.95
2024-07-26,IDR,17694
2024-07-26,ILS,3.9788
2024-07-26,INR,90.95
2024-07-26,ISK,149.7
2024-07-26,JPY,167.84
2024-07-26,KRW,1505.15
2024-07-26,MXN,19.9254
2024-07-26,MYR,5.058
2024-07-26,NOK,11.937
2024-07-26,NZD,1.8427
2024-07-26,PHP,63.377
2024-07-26,PLN,4.274
2024-07-26,RON,4.9718
2024-07-26,SEK,11.7325
2024-07-26,SGD,1.4594
2024-07-26,THB,39.112
2024-07-26,TRY,35.798
2024-07-26,USD,1.086
2024-07-26,ZAR,19.8121
2024-07-29,AUD,1.6534
2024-07-29,BGN,1.9558
2024-07-29,BRL,6.1165
2024-07-29,CAD,1.4976
2024-07-29,CHF,0.9578
2024-07-29,CNY,7.8518
2024-07-29,CZK,25.371
2024-07-29,DKK,7.4625
2024-07-29,GBP,0.84345
2024-07-29,HKD,8.449
2024-07-29,HUF,392.5
2024-07-29,IDR,17610
2024-07-29,ILS,4.0321
2024-07-29,INR,90.57
2024-07-29,ISK,149.9
2024-07-29,JPY,166.44
2024-07-29,KRW,1496.41
2024-07-29,MXN,19.942
2024-07-29,MYR,5.018
2024-07-29,NOK,11.9155
2024-07-29,NZD,1.8418
2024-07-29,PHP,63.343
2024-07-29,PLN,4.2938
2024-07-29,RON,4.9725
2024-07-29,SEK,11.7265
2024-07-29,SGD,1.454
2024-07-29,THB,38.914
2024-07-29,TRY,35.71
2024-07-29,USD,1.0817
2024-07-29,ZAR,19.9041
2024-07-30,AUD,1.656
2024-07-30,BGN,1.9558
2024-07-30,BRL,6.0843
2024-07-30,CAD,1.4996
2024-07-30,CHF,0.9592
2024-07-30,CNY,7.8489
2024-07-30,CZK,25.429
2024-07-30,DKK,7.4619
2024-07-30,GBP,0.8426
2024-07-30,HKD,8.4558
2024-07-30,HUF,394.5
2024-07-30,IDR,17682
2024-07-30,ILS,4.044
2024-07-30,INR,90.62
2024-07-30,ISK,149.5
2024-07-30,JPY,167.61
2024-07-30,KRW,1498.59
2024-07-30,MXN,20.153
2024-07-30,MYR,5.0034
2024-07-30,NOK,11.8885
2024-07-30,NZD,1.8386
2024-07-30,PHP,63.502
2024-07-30,PLN,4.2838
2024-07-30,RON,4.9766
2024-07-30,SEK,11.686
2024-07-30,SGD,1.4554
2024-07-30,THB,38.961
2024-07-30,TRY,35.82
2024-07-30,USD,1.0824
2024-07-30,ZAR,19.8815
2024-07-31,AUD,1.6635
2024-07-31,BGN,1.9558
2024-07-31,BRL,6.0874
2024-07-31,CAD,1.4977
2024-07-31,CHF,0.9533
2024-07-31,CNY,7.8194
2024-07-31,CZK,25.457
2024-07-31,DKK,7.4621
2024-07-31,GBP,0.8438
2024-07-31,HKD,8.4589
2024-07-31,HUF,395.78
2024-07-31,IDR,17634
2024-07-31,ILS,4.0822
2024-07-31,INR,90.62
2024-07-31,ISK,149.9
2024-07-31,JPY,162.76
2024-07-31,KRW,1485.96
2024-07-31,MXN,20.332
2024-07-31,MYR,4.9749
2024-07-31,NOK,11.8175
2024-07-31,NZD,1.8289
2024-07-31,PHP,63.218
2024-07-31,PLN,4.2908
2024-07-31,RON,4.9749
2024-07-31,SEK,11.6125
2024-07-31,SGD,1.4491
2024-07-31,THB,38.629
2024-07-31,TRY,35.908
2024-07-31,USD,1.0828
2024-07-31,ZAR,19.74
2024-08-01,AUD,1.6501
2024-08-01,BGN,1.9558
2024-08-01,BRL,6.112
2024-08-01,CAD,1.4912
2024-08-01,CHF,0.9467
2024-08-01,CNY,7.8203
2024-08-01,CZK,25.454
2024-08-01,DKK,7.4613
2024-08-01,GBP,0.84328
2024-08-01,HKD,8.432
2024-08-01,HUF,395.55
2024-08-01,IDR,17549
2024-08-01,ILS,4.0855
2024-08-01,INR,90.35
2024-08-01,ISK,149.9
2024-08-01,JPY,162.66
2024-08-01,KRW,1474.13
2024-08-01,MXN,19.9936
2024-08-01,MYR,4.9295
2024-08-01,NOK,11.7465
2024-08-01,NZD,1.814
2024-08-01,PHP,62.912
2024-08-01,PLN,4.2958
2024-08-01,RON,4.9756
2024-08-01,SEK,11.522
2024-08-01,SGD,1.4437
2024-08-01,THB,38.409
2024-08-01,TRY,35.706
2024-08-01,USD,1.0789
2024-08-01,ZAR,19.6134
2024-08-02,AUD,1.6629
2024-08-02,BGN,1.9558
2024-08-02,BRL,6.257
2024-08-02,CAD,1.5035
2024-08-02,CHF,0.9433
2024-08-02,CNY,7.8075
2024-08-02,CZK,25.271
2024-08-02,DKK,7.4621
2024-08-02,GBP,0.85
2024-08-02,HKD,8.4625
2024-08-02,HUF,396.73
2024-08-02,IDR,17563
2024-08-02,ILS,4.1211
2024-08-02,INR,90.73
2024-08-02,ISK,150.5
2024-08-02,JPY,161.37
2024-08-02,KRW,1479.77
2024-08-02,MXN,20.58
2024-08-02,MYR,4.873
2024-08-02,NOK,11.929
2024-08-02,NZD,1.8196
2024-08-02,PHP,62.885
2024-08-02,PLN,4.289
2024-08-02,RON,4.9756
2024-08-02,SEK,11.5843
2024-08-02,SGD,1.4424
2024-08-02,THB,38.296
2024-08-02,TRY,35.942
2024-08-02,USD,1.0835
2024-08-02,ZAR,19.7048
2024-08-05,AUD,1.7008
2024-08-05,BGN,1.9558
2024-08-05,BRL,6.3759
2024-08-05,CAD,1.5188
2024-08-05,CHF,0.9304
2024-08-05,CNY,7.8046
2024-08-05,CZK,25.314
2024-08-05,DKK,7.4607
2024-08-05,GBP,0.85878
2024-08-05,HKD,8.5335
2024-08-05,HUF,398.45
2024-08-05,IDR,17755
2024-08-05,ILS,4.2013
2024-08-05,INR,92.28
2024-08-05,ISK,150.5
2024-08-05,JPY,155.98
2024-08-05,KRW,1495.97
2024-08-05,MXN,21.641
2024-08-05,MYR,4.8525
2024-08-05,NOK,12.1108
2024-08-05,NZD,1.8461
2024-08-05,PHP,63.303
2024-08-05,PLN,4.3128
2024-08-05,RON,4.9768
2024-08-05,SEK,11.534
2024-08-05,SGD,1.4475
2024-08-05,THB,38.732
2024-08-05,TRY,36.585
2024-08-05,USD,1.0966
2024-08-05,ZAR,20.371
2024-08-06,AUD,1.6837
2024-08-06,BGN,1.9558
2024-08-06,BRL,6.2028
2024-08-06,CAD,1.5097
2024-08-06,CHF,0.9325
2024-08-06,CNY,7.8071
2024-08-06,CZK,25.286
2024-08-06,DKK,7.4628
2024-08-06,GBP,0.85998
2024-08-06,HKD,8.5055
2024-08-06,HUF,397.38
2024-08-06,IDR,17653
2024-08-06,ILS,4.1979
2024-08-06,INR,91.59
2024-08-06,ISK,150.7
2024-08-06,JPY,158.29
2024-08-06,KRW,1504.09
2024-08-06,MXN,21.087
2024-08-06,MYR,4.8834
2024-08-06,NOK,12.0005
2024-08-06,NZD,1.8423
2024-08-06,PHP,63.049
2024-08-06,PLN,4.3105
2024-08-06,RON,4.9772
2024-08-06,SEK,11.559
2024-08-06,SGD,1.4485
2024-08-06,THB,38.797
2024-08-06,TRY,36.647
2024-08-06,USD,1.0915
2024-08-06,ZAR,20.162
2024-08-07,AUD,1.6643
2024-08-07,BGN,1.9558
2024-08-07,BRL,6.136
2024-08-07,CAD,1.501
2024-08-07,CHF,0.9409
2024-08-07,CNY,7.8425
2024-08-07,CZK,25.27
2024-08-07,DKK,7.4627
2024-08-07,GBP,0.85808
2024-08-07,HKD,8.5162
2024-08-07,HUF,398.2
2024-08-07,IDR,17539
2024-08-07,ILS,4.1367
2024-08-07,INR,91.7
2024-08-07,ISK,150.9
2024-08-07,JPY,160.62
2024-08-07,KRW,1501.94
2024-08-07,MXN,21.069
2024-08-07,MYR,4.9111
2024-08-07,NOK,11.781
2024-08-07,NZD,1.815
2024-08-07,PHP,63.015
2024-08-07,PLN,4.3173
2024-08-07,RON,4.9768
2024-08-07,SEK,11.4235
2024-08-07,SGD,1.4499
2024-08-07,THB,38.866
2024-08-07,TRY,36.579
2024-08-07,USD,1.0922
2024-08-07,ZAR,20.034
2024-08-08,AUD,1.6677
2024-08-08,BGN,1.9558
2024-08-08,BRL,6.1544
2024-08-08,CAD,1.5021
2024-08-08,CHF,0.9368
2024-08-08,CNY,7.8393
2024-08-08,CZK,25.273
2024-08-08,DKK,7.4619
2024-08-08,GBP,0.86093
2024-08-08,HKD,8.5168
2024-08-08,HUF,396.1
2024-08-08,IDR,17379
2024-08-08,ILS,4.1511
2024-08-08,INR,91.76
2024-08-08,ISK,151.1
2024-08-08,JPY,159.74
2024-08-08,KRW,1503.86
2024-08-08,MXN,21.04
2024-08-08,MYR,4.8912
2024-08-08,NOK,11.8825
2024-08-08,NZD,1.823
2024-08-08,PHP,62.738
2024-08-08,PLN,4.319
2024-08-08,RON,4.9767
2024-08-08,SEK,11.4955
2024-08-08,SGD,1.4474
2024-08-08,THB,38.577
2024-08-08,TRY,36.613
2024-08-08,USD,1.093
2024-08-08,ZAR,20.099
2024-08-09,AUD,1.6609
2024-08-09,BGN,1.9558
2024-08-09,BRL,6.0477
2024-08-09,CAD,1.5007
2024-08-09,CHF,0.9435
2024-08-09,CNY,7.828
2024-08-09,CZK,25.234
2024-08-09,DKK,7.4622
2024-08-09,GBP,0.85708
2024-08-09,HKD,8.514
2024-08-09,HUF,395.2
2024-08-09,IDR,17413
2024-08-09,ILS,4.0722
2024-08-09,INR,91.66
2024-08-09,ISK,151.1
2024-08-09,JPY,160.33
2024-08-09,KRW,1491.07
2024-08-09,MXN,20.565
2024-08-09,MYR,4.828
2024-08-09,NOK,11.8295
2024-08-09,NZD,1.8156
2024-08-09,PHP,62.533
2024-08-09,PLN,4.3253
2024-08-09,RON,4.9769
2024-08-09,SEK,11.4955
2024-08-09,SGD,1.4453
2024-08-09,THB,38.45
2024-08-09,TRY,36.628
2024-08-09,USD,1.0917
2024-08-09,ZAR,20.017
2024-08-12,AUD,1.656
2024-08-12,BGN,1.9558
2024-08-12,BRL,5.9998
2024-08-12,CAD,1.4998
2024-08-12,CHF,0.9491
2024-08-12,CNY,7.8439
2024-08-12,CZK,25.178
2024-08-12,DKK,7.4628
2024-08-12,GBP,0.85554
2024-08-12,HKD,8.5157
2024-08-12,HUF,393.25
2024-08-12,IDR,17444
2024-08-12,ILS,4.1171
2024-08-12,INR,91.74
2024-08-12,ISK,151.1
2024-08-12,JPY,161.25
2024-08-12,KRW,1497.58
2024-08-12,MXN,20.566
2024-08-12,MYR,4.8682
2024-08-12,NOK,11.7745
2024-08-12,NZD,1.811
2024-08-12,PHP,62.611
2024-08-12,PLN,4.3058
2024-08-12,RON,4.9767
2024-08-12,SEK,11.4935
2024-08-12,SGD,1.4474
2024-08-12,THB,38.527
2024-08-12,TRY,36.629
2024-08-12,USD,1.0925
2024-08-12,ZAR,19.9047
2024-08-13,AUD,1.6572
2024-08-13,BGN,1.9558
2024-08-13,BRL,6.0061
2024-08-13,CAD,1.5014
2024-08-13,CHF,0.948
2024-08-13,CNY,7.8301
2024-08-13,CZK,25.203
2024-08-13,DKK,7.4621
2024-08-13,GBP,0.85458
2024-08-13,HKD,8.5143
2024-08-13,HUF,393.53
2024-08-13,IDR,17318
2024-08-13,ILS,4.0855
2024-08-13,INR,91.76
2024-08-13,ISK,151.1
2024-08-13,JPY,161.17
2024-08-13,KRW,1498.93
2024-08-13,MXN,20.724
2024-08-13,MYR,4.8648
2024-08-13,NOK,11.797
2024-08-13,NZD,1.8089
2024-08-13,PHP,62.322
2024-08-13,PLN,4.289
2024-08-13,RON,4.9757
2024-08-13,SEK,11.506
2024-08-13,SGD,1.4454
2024-08-13,THB,38.384
2024-08-13,TRY,36.679
2024-08-13,USD,1.0931
2024-08-13,ZAR,19.8621
2024-08-14,AUD,1.6643
2024-08-14,BGN,1.9558
2024-08-14,BRL,6.0024
2024-08-14,CAD,1.5115
2024-08-14,CHF,0.9515
2024-08-14,CNY,7.8627
2024-08-14,CZK,25.197
2024-08-14,DKK,7.462
2024-08-14,GBP,0.85783
2024-08-14,HKD,8.5824
2024-08-14,HUF,394.45
2024-08-14,IDR,17195
2024-08-14,ILS,4.1127
2024-08-14,INR,92.5
2024-08-14,ISK,152.1
2024-08-14,JPY,161.98
2024-08-14,KRW,1493.74
2024-08-14,MXN,20.878
2024-08-14,MYR,4.8704
2024-08-14,NOK,11.7665
2024-08-14,NZD,1.8324
2024-08-14,PHP,62.761
2024-08-14,PLN,4.2975
2024-08-14,RON,4.9763
2024-08-14,SEK,11.4843
2024-08-14,SGD,1.4494
2024-08-14,THB,38.429
2024-08-14,TRY,36.966
2024-08-14,USD,1.1019
2024-08-14,ZAR,19.9267
2024-08-15,AUD,1.6609
2024-08-15,BGN,1.9558
2024-08-15,BRL,6.0262
2024-08-15,CAD,1.509
2024-08-15,CHF,0.9541
2024-08-15,CNY,7.8816
2024-08-15,CZK,25.2
2024-08-15,DKK,7.4619
2024-08-15,GBP,0.85615
2024-08-15,HKD,8.58
2024-08-15,HUF,394.58
2024-08-15,IDR,17290
2024-08-15,ILS,4.077
2024-08-15,INR,92.44
2024-08-15,ISK,152.1
2024-08-15,JPY,162.14
2024-08-15,KRW,1495.28
2024-08-15,MXN,20.748
2024-08-15,MYR,4.8834
2024-08-15,NOK,11.7455
2024-08-15,NZD,1.832
2024-08-15,PHP,62.744
2024-08-15,PLN,4.2815
2024-08-15,RON,4.9764
2024-08-15,SEK,11.5135
2024-08-15,SGD,1.4505
2024-08-15,THB,38.483
2024-08-15,TRY,37.015
2024-08-15,USD,1.1011
2024-08-15,ZAR,19.8284
2024-08-16,AUD,1.6577
2024-08-16,BGN,1.9558
2024-08-16,BRL,6.0112
2024-08-16,CAD,1.5095
2024-08-16,CHF,0.954
2024-08-16,CNY,7.8758
2024-08-16,CZK,25.239
2024-08-16,DKK,7.4616
2024-08-16,GBP,0.85128
2024-08-16,HKD,8.5705
2024-08-16,HUF,395.73
2024-08-16,IDR,17259
2024-08-16,ILS,4.0359
2024-08-16,INR,92.28
2024-08-16,ISK,152.9
2024-08-16,JPY,162.72
2024-08-16,KRW,1490.58
2024-08-16,MXN,20.546
2024-08-16,MYR,4.872
2024-08-16,NOK,11.8185
2024-08-16,NZD,1.824
2024-08-16,PHP,62.843
2024-08-16,PLN,4.2703
2024-08-16,RON,4.9758
2024-08-16,SEK,11.5435
2024-08-16,SGD,1.4497
2024-08-16,THB,38.408
2024-08-16,TRY,37.045
2024-08-16,USD,1.0994
2024-08-16,ZAR,19.6993
2024-08-19,AUD,1.6486
2024-08-19,BGN,1.9558
2024-08-19,BRL,6.0215
2024-08-19,CAD,1.5098
2024-08-19,CHF,0.9543
2024-08-19,CNY,7.8848
2024-08-19,CZK,25.181
2024-08-19,DKK,7.4616
2024-08-19,GBP,0.85243
2024-08-19,HKD,8.604
2024-08-19,HUF,393.08
2024-08-19,IDR,17212
2024-08-19,ILS,4.0907
2024-08-19,INR,92.61
2024-08-19,ISK,151.9
2024-08-19,JPY,161.22
2024-08-19,KRW,1476.07
2024-08-19,MXN,20.659
2024-08-19,MYR,4.8376
2024-08-19,NOK,11.7345
2024-08-19,NZD,1.817
2024-08-19,PHP,62.578
2024-08-19,PLN,4.2688
2024-08-19,RON,4.9773
2024-08-19,SEK,11.4871
2024-08-19,SGD,1.4464
2024-08-19,THB,38.053
2024-08-19,TRY,37.242
2024-08-19,USD,1.1041
2024-08-19,ZAR,19.6951
2024-08-20,AUD,1.6454
2024-08-20,BGN,1.9558
2024-08-20,BRL,6.0376
2024-08-20,CAD,1.5085
2024-08-20,CHF,0.9527
2024-08-20,CNY,7.9192
2024-08-20,CZK,25.158
2024-08-20,DKK,7.4623
2024-08-20,GBP,0.85194
2024-08-20,HKD,8.6345
2024-08-20,HUF,393.85
2024-08-20,IDR,17126
2024-08-20,ILS,4.1073
2024-08-20,INR,92.84
2024-08-20,ISK,152.1
2024-08-20,JPY,162.18
2024-08-20,KRW,1478.34
2024-08-20,MXN,20.844
2024-08-20,MYR,4.852
2024-08-20,NOK,11.6825
2024-08-20,NZD,1.8042
2024-08-20,PHP,62.559
2024-08-20,PLN,4.2643
2024-08-20,RON,4.9768
2024-08-20,SEK,11.3825
2024-08-20,SGD,1.4493
2024-08-20,THB,37.885
2024-08-20,TRY,37.49
2024-08-20,USD,1.1084
2024-08-20,ZAR,19.7295
2024-08-21,AUD,1.6495
2024-08-21,BGN,1.9558
2024-08-21,BRL,6.0844
2024-08-21,CAD,1.5117
2024-08-21,CHF,0.9503
2024-08-21,CNY,7.9306
2024-08-21,CZK,25.11
2024-08-21,DKK,7.4615
2024-08-21,GBP,0.85303
2024-08-21,HKD,8.6634
2024-08-21,HUF,392.35
2024-08-21,IDR,17247
2024-08-21,ILS,4.1395
2024-08-21,INR,93.26
2024-08-21,ISK,152.7
2024-08-21,JPY,162.26
2024-08-21,KRW,1485.55
2024-08-21,MXN,21.128
2024-08-21,MYR,4.8688
2024-08-21,NOK,11.683
2024-08-21,NZD,1.8109
2024-08-21,PHP,62.817
2024-08-21,PLN,4.2858
2024-08-21,RON,4.977
2024-08-21,SEK,11.378
2024-08-21,SGD,1.4529
2024-08-21,THB,38.095
2024-08-21,TRY,37.687
2024-08-21,USD,1.1116
2024-08-21,ZAR,19.8257
2024-08-22,AUD,1.655
2024-08-22,BGN,1.9558
2024-08-22,BRL,6.1538
2024-08-22,CAD,1.513
2024-08-22,CHF,0.949
2024-08-22,CNY,7.9491
2024-08-22,CZK,25.092
2024-08-22,DKK,7.4619
2024-08-22,GBP,0.84943
2024-08-22,HKD,8.6814
2024-08-22,HUF,394.1
2024-08-22,IDR,17405
2024-08-22,ILS,4.1455
2024-08-22,INR,93.48
2024-08-22,ISK,152.3
2024-08-22,JPY,162.64
2024-08-22,KRW,1490.74
2024-08-22,MXN,21.618
2024-08-22,MYR,4.8749
2024-08-22,NOK,11.7685
2024-08-22,NZD,1.8107
2024-08-22,PHP,62.723
2024-08-22,PLN,4.2815
2024-08-22,RON,4.9764
2024-08-22,SEK,11.392
2024-08-22,SGD,1.4568
2024-08-22,THB,38.332
2024-08-22,TRY,37.786
2024-08-22,USD,1.1135
2024-08-22,ZAR,20.024
2024-08-23,AUD,1.6518
2024-08-23,BGN,1.9558
2024-08-23,BRL,6.1902
2024-08-23,CAD,1.5106
2024-08-23,CHF,0.9476
2024-08-23,CNY,7.9364
2024-08-23,CZK,25.078
2024-08-23,DKK,7.4615
2024-08-23,GBP,0.84733
2024-08-23,HKD,8.6728
2024-08-23,HUF,393.75
2024-08-23,IDR,17303
2024-08-23,ILS,4.1184
2024-08-23,INR,93.31
2024-08-23,ISK,152.3
2024-08-23,JPY,162.37
2024-08-23,KRW,1486.86
2024-08-23,MXN,21.531
2024-08-23,MYR,4.8654
2024-08-23,NOK,11.802
2024-08-23,NZD,1.8061
2024-08-23,PHP,62.734
2024-08-23,PLN,4.2775
2024-08-23,RON,4.9763
2024-08-23,SEK,11.4355
2024-08-23,SGD,1.4551
2024-08-23,THB,38.067
2024-08-23,TRY,37.818
2024-08-23,USD,1.1121
2024-08-23,ZAR,19.9591
2024-08-26,AUD,1.6496
2024-08-26,BGN,1.9558
2024-08-26,BRL,6.1332
2024-08-26,CAD,1.5076
2024-08-26,CHF,0.946
2024-08-26,CNY,7.9512
2024-08-26,CZK,25.034
2024-08-26,DKK,7.461
2024-08-26,GBP,0.84645
2024-08-26,HKD,8.7023
2024-08-26,HUF,395.23
2024-08-26,IDR,17237
2024-08-26,ILS,4.0966
2024-08-26,INR,93.66
2024-08-26,ISK,153.1
2024-08-26,JPY,160.94
2024-08-26,KRW,1481.16
2024-08-26,MXN,21.409
2024-08-26,MYR,4.8531
2024-08-26,NOK,11.7785
2024-08-26,NZD,1.8008
2024-08-26,PHP,62.524
2024-08-26,PLN,4.2815
2024-08-26,RON,4.9756
2024-08-26,SEK,11.403
2024-08-26,SGD,1.4546
2024-08-26,THB,37.926
2024-08-26,TRY,37.974
2024-08-26,USD,1.1163
2024-08-26,ZAR,19.8317
2024-08-27,AUD,1.6461
2024-08-27,BGN,1.9558
2024-08-27,BRL,6.1186
2024-08-27,CAD,1.5041
2024-08-27,CHF,0.944
2024-08-27,CNY,7.9547
2024-08-27,CZK,25.034
2024-08-27,DKK,7.4609
2024-08-27,GBP,0.84438
2024-08-27,HKD,8.7073
2024-08-27,HUF,393.13
2024-08-27,IDR,17349
2024-08-27,ILS,4.1135
2024-08-27,INR,93.67
2024-08-27,ISK,153.1
2024-08-27,JPY,161.24
2024-08-27,KRW,1485.86
2024-08-27,MXN,21.687
2024-08-27,MYR,4.8527
2024-08-27,NOK,11.723
2024-08-27,NZD,1.7912
2024-08-27,PHP,62.842
2024-08-27,PLN,4.2783
2024-08-27,RON,4.9771
2024-08-27,SEK,11.3758
2024-08-27,SGD,1.4552
2024-08-27,THB,38.029
2024-08-27,TRY,37.988
2024-08-27,USD,1.1162
2024-08-27,ZAR,19.7883
2024-08-28,AUD,1.6407
2024-08-28,BGN,1.9558
2024-08-28,BRL,6.1498
2024-08-28,CAD,1.4982
2024-08-28,CHF,0.9375
2024-08-28,CNY,7.9253
2024-08-28,CZK,25.053
2024-08-28,DKK,7.4593
2024-08-28,GBP,0.84163
2024-08-28,HKD,8.6711
2024-08-28,HUF,393.4
2024-08-28,IDR,17150
2024-08-28,ILS,4.0759
2024-08-28,INR,93.36
2024-08-28,ISK,153.1
2024-08-28,JPY,160.57
2024-08-28,KRW,1485.05
2024-08-28,MXN,21.882
2024-08-28,MYR,4.8281
2024-08-28,NOK,11.712
2024-08-28,NZD,1.7823
2024-08-28,PHP,62.544
2024-08-28,PLN,4.3003
2024-08-28,RON,4.9773
2024-08-28,SEK,11.335
2024-08-28,SGD,1.4493
2024-08-28,THB,37.848
2024-08-28,TRY,37.839
2024-08-28,USD,1.1117
2024-08-28,ZAR,19.7851
2024-08-29,AUD,1.6274
2024-08-29,BGN,1.9558
2024-08-29,BRL,6.1892
2024-08-29,CAD,1.4927
2024-08-29,CHF,0.9364
2024-08-29,CNY,7.8653
2024-08-29,CZK,25.043
2024-08-29,DKK,7.4588
2024-08-29,GBP,0.84175
2024-08-29,HKD,8.6422
2024-08-29,HUF,392.73
2024-08-29,IDR,17083
2024-08-29,ILS,4.0671
2024-08-29,INR,93.02
2024-08-29,ISK,152.9
2024-08-29,JPY,160.36
2024-08-29,KRW,1474.34
2024-08-29,MXN,21.858
2024-08-29,MYR,4.78
2024-08-29,NOK,11.641
2024-08-29,NZD,1.768
2024-08-29,PHP,62.279
2024-08-29,PLN,4.2898
2024-08-29,RON,4.9774
2024-08-29,SEK,11.3455
2024-08-29,SGD,1.4432
2024-08-29,THB,37.649
2024-08-29,TRY,37.794
2024-08-29,USD,1.1088
2024-08-29,ZAR,19.6351
2024-08-30,AUD,1.6301
2024-08-30,BGN,1.9558
2024-08-30,BRL,6.2155
2024-08-30,CAD,1.4941
2024-08-30,CHF,0.9416
2024-08-30,CNY,7.8585
2024-08-30,CZK,25.031
2024-08-30,DKK,7.4589
2024-08-30,GBP,0.8412
2024-08-30,HKD,8.6455
2024-08-30,HUF,392.53
2024-08-30,IDR,17180
2024-08-30,ILS,4.0245
2024-08-30,INR,92.95
2024-08-30,ISK,152.9
2024-08-30,JPY,161.19
2024-08-30,KRW,1478.6
2024-08-30,MXN,21.758
2024-08-30,MYR,4.7901
2024-08-30,NOK,11.662
2024-08-30,NZD,1.7709
2024-08-30,PHP,62.309
2024-08-30,PLN,4.2763
2024-08-30,RON,4.9768
2024-08-30,SEK,11.3355
2024-08-30,SGD,1.4441
2024-08-30,THB,37.541
2024-08-30,TRY,37.765
2024-08-30,USD,1.1087
2024-08-30,ZAR,19.5358
2024-09-02,AUD,1.6322
2024-09-02,BGN,1.9558
2024-09-02,BRL,6.2185
2024-09-02,CAD,1.4932
2024-09-02,CHF,0.9415
2024-09-02,CNY,7.8677
2024-09-02,CZK,25.045
2024-09-02,DKK,7.4587
2024-09-02,GBP,0.84218
2024-09-02,HKD,8.6239
2024-09-02,HUF,392.55
2024-09-02,IDR,17190
2024-09-02,ILS,4.0415
2024-09-02,INR,92.81
2024-09-02,ISK,153.1
2024-09-02,JPY,162.56
2024-09-02,KRW,1481.32
2024-09-02,MXN,21.762
2024-09-02,MYR,4.8171
2024-09-02,NOK,11.73
2024-09-02,NZD,1.7767
2024-09-02,PHP,62.513
2024-09-02,PLN,4.275
2024-09-02,RON,4.9753
2024-09-02,SEK,11.351
2024-09-02,SGD,1.4464
2024-09-02,THB,37.834
2024-09-02,TRY,37.581
2024-09-02,USD,1.1061
2024-09-02,ZAR,19.8166
2024-09-03,AUD,1.6394
2024-09-03,BGN,1.9558
2024-09-03,BRL,6.2056
2024-09-03,CAD,1.4951
2024-09-03,CHF,0.9409
2024-09-03,CNY,7.8614
2024-09-03,CZK,25.071
2024-09-03,DKK,7.4595
2024-09-03,GBP,0.84085
2024-09-03,HKD,8.605
2024-09-03,HUF,393.38
2024-09-03,IDR,17171
2024-09-03,ILS,4.0623
2024-09-03,INR,92.67
2024-09-03,ISK,153.5
2024-09-03,JPY,161.26
2024-09-03,KRW,1481.23
2024-09-03,MXN,21.878
2024-09-03,MYR,4.8195
2024-09-03,NOK,11.766
2024-09-03,NZD,1.7839
2024-09-03,PHP,62.427
2024-09-03,PLN,4.2783
2024-09-03,RON,4.9735
2024-09-03,SEK,11.372
2024-09-03,SGD,1.4453
2024-09-03,THB,37.833
2024-09-03,TRY,37.495
2024-09-03,USD,1.1035
2024-09-03,ZAR,19.8345
2024-09-04,AUD,1.645
2024-09-04,BGN,1.9558
2024-09-04,BRL,6.2523
2024-09-04,CAD,1.498
2024-09-04,CHF,0.9396
2024-09-04,CNY,7.8648
2024-09-04,CZK,25.086
2024-09-04,DKK,7.4605
2024-09-04,GBP,0.84248
2024-09-04,HKD,8.6174
2024-09-04,HUF,393.23
2024-09-04,IDR,17126
2024-09-04,ILS,4.1074
2024-09-04,INR,92.8
2024-09-04,ISK,153.5
2024-09-04,JPY,160.26
2024-09-04,KRW,1481.5
2024-09-04,MXN,21.964
2024-09-04,MYR,4.8101
2024-09-04,NOK,11.805
2024-09-04,NZD,1.7861
2024-09-04,PHP,62.502
2024-09-04,PLN,4.2788
2024-09-04,RON,4.9726
2024-09-04,SEK,11.411
2024-09-04,SGD,1.444
2024-09-04,THB,37.785
2024-09-04,TRY,37.623
2024-09-04,USD,1.105
2024-09-04,ZAR,19.7997
2024-09-05,AUD,1.6498
2024-09-05,BGN,1.9558
2024-09-05,BRL,6.2481
2024-09-05,CAD,1.4996
2024-09-05,CHF,0.939
2024-09-05,CNY,7.8739
2024-09-05,CZK,25.027
2024-09-05,DKK,7.4611
2024-09-05,GBP,0.84318
2024-09-05,HKD,8.6493
2024-09-05,HUF,392.3
2024-09-05,IDR,17110
2024-09-05,ILS,4.1011
2024-09-05,INR,93.2
2024-09-05,ISK,153.5
2024-09-05,JPY,159.2
2024-09-05,KRW,1481.54
2024-09-05,MXN,22.279
2024-09-05,MYR,4.8136
2024-09-05,NOK,11.7895
2024-09-05,NZD,1.7874
2024-09-05,PHP,62.231
2024-09-05,PLN,4.2683
2024-09-05,RON,4.9708
2024-09-05,SEK,11.3995
2024-09-05,SGD,1.4444
2024-09-05,THB,37.303
2024-09-05,TRY,37.719
2024-09-05,USD,1.1097
2024-09-05,ZAR,19.736
2024-09-06,AUD,1.6503
2024-09-06,BGN,1.9558
2024-09-06,BRL,6.1855
2024-09-06,CAD,1.4984
2024-09-06,CHF,0.9365
2024-09-06,CNY,7.865
2024-09-06,CZK,25.034
2024-09-06,DKK,7.462
2024-09-06,GBP,0.84293
2024-09-06,HKD,8.6526
2024-09-06,HUF,394.75
2024-09-06,IDR,17114
2024-09-06,ILS,4.116
2024-09-06,INR,93.21
2024-09-06,ISK,153.3
2024-09-06,JPY,158.93
2024-09-06,KRW,1477.3
2024-09-06,MXN,22.151
2024-09-06,MYR,4.8082
2024-09-06,NOK,11.8015
2024-09-06,NZD,1.7858
2024-09-06,PHP,62.118
2024-09-06,PLN,4.28
2024-09-06,RON,4.9735
2024-09-06,SEK,11.3698
2024-09-06,SGD,1.4428
2024-09-06,THB,37.228
2024-09-06,TRY,37.739
2024-09-06,USD,1.1103
2024-09-06,ZAR,19.6875
2024-09-09,AUD,1.6596
2024-09-09,BGN,1.9558
2024-09-09,BRL,6.2
2024-09-09,CAD,1.4979
2024-09-09,CHF,0.9376
2024-09-09,CNY,7.8589
2024-09-09,CZK,25.051
2024-09-09,DKK,7.4616
2024-09-09,GBP,0.84365
2024-09-09,HKD,8.6101
2024-09-09,HUF,395.95
2024-09-09,IDR,17083
2024-09-09,ILS,4.1425
2024-09-09,INR,92.71
2024-09-09,ISK,152.3
2024-09-09,JPY,158.53
2024-09-09,KRW,1485.48
2024-09-09,MXN,21.988
2024-09-09,MYR,4.8274
2024-09-09,NOK,11.9405
2024-09-09,NZD,1.8004
2024-09-09,PHP,62.354
2024-09-09,PLN,4.278
2024-09-09,RON,4.9743
2024-09-09,SEK,11.455
2024-09-09,SGD,1.4428
2024-09-09,THB,37.474
2024-09-09,TRY,37.599
2024-09-09,USD,1.1043
2024-09-09,ZAR,19.7659
2024-09-10,AUD,1.6551
2024-09-10,BGN,1.9558
2024-09-10,BRL,6.153
2024-09-10,CAD,1.4973
2024-09-10,CHF,0.9349
2024-09-10,CNY,7.853
2024-09-10,CZK,25.058
2024-09-10,DKK,7.4623
2024-09-10,GBP,0.84265
2024-09-10,HKD,8.6004
2024-09-10,HUF,397.38
2024-09-10,IDR,17047
2024-09-10,ILS,4.1539
2024-09-10,INR,92.63
2024-09-10,ISK,152.3
2024-09-10,JPY,157.81
2024-09-10,KRW,1480.59
2024-09-10,MXN,21.953
2024-09-10,MYR,4.7902
2024-09-10,NOK,11.902
2024-09-10,NZD,1.7921
2024-09-10,PHP,62.216
2024-09-10,PLN,4.2833
2024-09-10,RON,4.9745
2024-09-10,SEK,11.4355
2024-09-10,SGD,1.4397
2024-09-10,THB,37.235
2024-09-10,TRY,37.571
2024-09-10,USD,1.1031
2024-09-10,ZAR,19.7464
2024-09-11,AUD,1.656
2024-09-11,BGN,1.9558
2024-09-11,BRL,6.2245
2024-09-11,CAD,1.4997
2024-09-11,CHF,0.9358
2024-09-11,CNY,7.8534
2024-09-11,CZK,25.088
2024-09-11,DKK,7.4624
2024-09-11,GBP,0.84375
2024-09-11,HKD,8.6106
2024-09-11,HUF,396.2
2024-09-11,IDR,17020
2024-09-11,ILS,4.1538
2024-09-11,INR,92.74
2024-09-11,ISK,152.7
2024-09-11,JPY,156.6
2024-09-11,KRW,1478.5
2024-09-11,MXN,21.995
2024-09-11,MYR,4.7816
2024-09-11,NOK,11.937
2024-09-11,NZD,1.7966
2024-09-11,PHP,61.706
2024-09-11,PLN,4.2873
2024-09-11,RON,4.9742
2024-09-11,SEK,11.435
2024-09-11,SGD,1.4385
2024-09-11,THB,37.198
2024-09-11,TRY,37.557
2024-09-11,USD,1.1043
2024-09-11,ZAR,19.7394
2024-09-12,AUD,1.6497
2024-09-12,BGN,1.9558
2024-09-12,BRL,6.2309
2024-09-12,CAD,1.4964
2024-09-12,CHF,0.9414
2024-09-12,CNY,7.8441
2024-09-12,CZK,25.122
2024-09-12,DKK,7.462
2024-09-12,GBP,0.8446
2024-09-12,HKD,8.5945
2024-09-12,HUF,395.88
2024-09-12,IDR,17007
2024-09-12,ILS,4.1344
2024-09-12,INR,92.49
2024-09-12,ISK,152.3
2024-09-12,JPY,157.02
2024-09-12,KRW,1477.3
2024-09-12,MXN,21.746
2024-09-12,MYR,4.7746
2024-09-12,NOK,11.934
2024-09-12,NZD,1.796
2024-09-12,PHP,61.852
2024-09-12,PLN,4.2978
2024-09-12,RON,4.974
2024-09-12,SEK,11.414
2024-09-12,SGD,1.438
2024-09-12,THB,37.146
2024-09-12,TRY,37.402
2024-09-12,USD,1.1016
2024-09-12,ZAR,19.7713
2024-09-13,AUD,1.6542
2024-09-13,BGN,1.9558
2024-09-13,BRL,6.2147
2024-09-13,CAD,1.5061
2024-09-13,CHF,0.9387
2024-09-13,CNY,7.8634
2024-09-13,CZK,25.147
2024-09-13,DKK,7.4627
2024-09-13,GBP,0.84475
2024-09-13,HKD,8.6411
2024-09-13,HUF,395.33
2024-09-13,IDR,17072
2024-09-13,ILS,4.1105
2024-09-13,INR,92.99
2024-09-13,ISK,152.3
2024-09-13,JPY,156.17
2024-09-13,KRW,1474.21
2024-09-13,MXN,21.564
2024-09-13,MYR,4.7665
2024-09-13,NOK,11.8495
2024-09-13,NZD,1.7973
2024-09-13,PHP,62.041
2024-09-13,PLN,4.2898
2024-09-13,RON,4.9738
2024-09-13,SEK,11.3635
2024-09-13,SGD,1.4404
2024-09-13,THB,36.988
2024-09-13,TRY,37.615
2024-09-13,USD,1.1081
2024-09-13,ZAR,19.7185
2024-09-16,AUD,1.6492
2024-09-16,BGN,1.9558
2024-09-16,BRL,6.1772
2024-09-16,CAD,1.5109
2024-09-16,CHF,0.9394
2024-09-16,CNY,7.8953
2024-09-16,CZK,25.128
2024-09-16,DKK,7.4621
2024-09-16,GBP,0.84278
2024-09-16,HKD,8.6723
2024-09-16,HUF,393.83
2024-09-16,IDR,17096
2024-09-16,ILS,4.1641
2024-09-16,INR,93.3
2024-09-16,ISK,152.5
2024-09-16,JPY,155.66
2024-09-16,KRW,1467.42
2024-09-16,MXN,21.403
2024-09-16,MYR,4.7858
2024-09-16,NOK,11.78
2024-09-16,NZD,1.7958
2024-09-16,PHP,62.094
2024-09-16,PLN,4.2708
2024-09-16,RON,4.9744
2024-09-16,SEK,11.3195
2024-09-16,SGD,1.4407
2024-09-16,THB,36.983
2024-09-16,TRY,37.804
2024-09-16,USD,1.1126
2024-09-16,ZAR,19.6277
2024-09-17,AUD,1.6472
2024-09-17,BGN,1.9558
2024-09-17,BRL,6.1236
2024-09-17,CAD,1.5134
2024-09-17,CHF,0.9405
2024-09-17,CNY,7.9046
2024-09-17,CZK,25.125
2024-09-17,DKK,7.4621
2024-09-17,GBP,0.84278
2024-09-17,HKD,8.6796
2024-09-17,HUF,394.68
2024-09-17,IDR,17083
2024-09-17,ILS,4.1808
2024-09-17,INR,93.3
2024-09-17,ISK,152.3
2024-09-17,JPY,156.71
2024-09-17,KRW,1467.66
2024-09-17,MXN,21.529
2024-09-17,MYR,4.7441
2024-09-17,NOK,11.7885
2024-09-17,NZD,1.7965
2024-09-17,PHP,61.966
2024-09-17,PLN,4.2683
2024-09-17,RON,4.9738
2024-09-17,SEK,11.3245
2024-09-17,SGD,1.4407
2024-09-17,THB,37.104
2024-09-17,TRY,37.914
2024-09-17,USD,1.1139
2024-09-17,ZAR,19.6418
2024-09-18,AUD,1.64
2024-09-18,BGN,1.9558
2024-09-18,BRL,6.0942
2024-09-18,CAD,1.5117
2024-09-18,CHF,0.9388
2024-09-18,CNY,7.8797
2024-09-18,CZK,25.07
2024-09-18,DKK,7.4613
2024-09-18,GBP,0.84225
2024-09-18,HKD,8.6692
2024-09-18,HUF,394.25
2024-09-18,IDR,17032
2024-09-18,ILS,4.1916
2024-09-18,INR,93.13
2024-09-18,ISK,152.3
2024-09-18,JPY,157.94
2024-09-18,KRW,1473.65
2024-09-18,MXN,21.24
2024-09-18,MYR,4.721
2024-09-18,NOK,11.7753
2024-09-18,NZD,1.7877
2024-09-18,PHP,61.988
2024-09-18,PLN,4.27
2024-09-18,RON,4.9749
2024-09-18,SEK,11.324
2024-09-18,SGD,1.4395
2024-09-18,THB,37.015
2024-09-18,TRY,37.943
2024-09-18,USD,1.1124
2024-09-18,ZAR,19.5531
2024-09-19,AUD,1.6352
2024-09-19,BGN,1.9558
2024-09-19,BRL,6.024
2024-09-19,CAD,1.511
2024-09-19,CHF,0.946
2024-09-19,CNY,7.8827
2024-09-19,CZK,25.081
2024-09-19,DKK,7.4592
2024-09-19,GBP,0.83953
2024-09-19,HKD,8.6952
2024-09-19,HUF,394.55
2024-09-19,IDR,16924
2024-09-19,ILS,4.1899
2024-09-19,INR,93.32
2024-09-19,ISK,152.5
2024-09-19,JPY,159.53
2024-09-19,KRW,1481.57
2024-09-19,MXN,21.391
2024-09-19,MYR,4.6967
2024-09-19,NOK,11.6678
2024-09-19,NZD,1.7845
2024-09-19,PHP,61.949
2024-09-19,PLN,4.2658
2024-09-19,RON,4.9744
2024-09-19,SEK,11.3175
2024-09-19,SGD,1.4415
2024-09-19,THB,36.965
2024-09-19,TRY,37.958
2024-09-19,USD,1.1156
2024-09-19,ZAR,19.4454
2024-09-20,AUD,1.6388
2024-09-20,BGN,1.9558
2024-09-20,BRL,6.057
2024-09-20,CAD,1.5148
2024-09-20,CHF,0.9486
2024-09-20,CNY,7.8776
2024-09-20,CZK,25.078
2024-09-20,DKK,7.459
2024-09-20,GBP,0.8391
2024-09-20,HKD,8.7022
2024-09-20,HUF,393.68
2024-09-20,IDR,16930
2024-09-20,ILS,4.2077
2024-09-20,INR,93.27
2024-09-20,ISK,152.3
2024-09-20,JPY,161.08
2024-09-20,KRW,1491.51
2024-09-20,MXN,21.609
2024-09-20,MYR,4.6953
2024-09-20,NOK,11.733
2024-09-20,NZD,1.7919
2024-09-20,PHP,62.15
2024-09-20,PLN,4.2763
2024-09-20,RON,4.9745
2024-09-20,SEK,11.381
2024-09-20,SGD,1.4426
2024-09-20,THB,36.887
2024-09-20,TRY,38.086
2024-09-20,USD,1.1166
2024-09-20,ZAR,19.5684
2024-09-23,AUD,1.6274
2024-09-23,BGN,1.9558
2024-09-23,BRL,6.1976
2024-09-23,CAD,1.5065
2024-09-23,CHF,0.9448
2024-09-23,CNY,7.8438
2024-09-23,CZK,25.098
2024-09-23,DKK,7.4581
2024-09-23,GBP,0.83518
2024-09-23,HKD,8.6576
2024-09-23,HUF,394.68
2024-09-23,IDR,16886
2024-09-23,ILS,4.201
2024-09-23,INR,92.9
2024-09-23,ISK,151.7
2024-09-23,JPY,159.58
2024-09-23,KRW,1486.62
2024-09-23,MXN,21.592
2024-09-23,MYR,4.6733
2024-09-23,NOK,11.686
2024-09-23,NZD,1.777
2024-09-23,PHP,62.3
2024-09-23,PLN,4.275
2024-09-23,RON,4.9742
2024-09-23,SEK,11.362
2024-09-23,SGD,1.4357
2024-09-23,THB,36.654
2024-09-23,TRY,37.974
2024-09-23,USD,1.1119
2024-09-23,ZAR,19.3253
2024-09-24,AUD,1.6237
2024-09-24,BGN,1.9558
2024-09-24,BRL,6.137
2024-09-24,CAD,1.5033
2024-09-24,CHF,0.9439
2024-09-24,CNY,7.829
2024-09-24,CZK,25.155
2024-09-24,DKK,7.4571
2024-09-24,GBP,0.8322
2024-09-24,HKD,8.6668
2024-09-24,HUF,394.7
2024-09-24,IDR,16896
2024-09-24,ILS,4.1947
2024-09-24,INR,93.15
2024-09-24,ISK,151.7
2024-09-24,JPY,160.14
2024-09-24,KRW,1485.87
2024-09-24,MXN,21.575
2024-09-24,MYR,4.6246
2024-09-24,NOK,11.612
2024-09-24,NZD,1.7707
2024-09-24,PHP,62.601
2024-09-24,PLN,4.2665
2024-09-24,RON,4.9756
2024-09-24,SEK,11.2935
2024-09-24,SGD,1.4341
2024-09-24,THB,36.569
2024-09-24,TRY,38.006
2024-09-24,USD,1.1133
2024-09-24,ZAR,19.2869
2024-09-25,AUD,1.6276
2024-09-25,BGN,1.9558
2024-09-25,BRL,6.1104
2024-09-25,CAD,1.5044
2024-09-25,CHF,0.9495
2024-09-25,CNY,7.8692
2024-09-25,CZK,25.123
2024-09-25,DKK,7.4575
2024-09-25,GBP,0.83653
2024-09-25,HKD,8.716
2024-09-25,HUF,395.03
2024-09-25,IDR,16923
2024-09-25,ILS,4.205
2024-09-25,INR,93.58
2024-09-25,ISK,150.5
2024-09-25,JPY,161.49
2024-09-25,KRW,1489.46
2024-09-25,MXN,21.743
2024-09-25,MYR,4.6242
2024-09-25,NOK,11.684
2024-09-25,NZD,1.7725
2024-09-25,PHP,62.609
2024-09-25,PLN,4.2643
2024-09-25,RON,4.976
2024-09-25,SEK,11.311
2024-09-25,SGD,1.4378
2024-09-25,THB,36.599
2024-09-25,TRY,38.209
2024-09-25,USD,1.1194
2024-09-25,ZAR,19.1932
2024-09-26,AUD,1.6217
2024-09-26,BGN,1.9558
2024-09-26,BRL,6.0372
2024-09-26,CAD,1.5025
2024-09-26,CHF,0.9452
2024-09-26,CNY,7.8213
2024-09-26,CZK,25.159
2024-09-26,DKK,7.4572
2024-09-26,GBP,0.83428
2024-09-26,HKD,8.6773
2024-09-26,HUF,395.95
2024-09-26,IDR,16879
2024-09-26,ILS,4.1132
2024-09-26,INR,93.3
2024-09-26,ISK,150.5
2024-09-26,JPY,160.78
2024-09-26,KRW,1478.62
2024-09-26,MXN,21.83
2024-09-26,MYR,4.6237
2024-09-26,NOK,11.7865
2024-09-26,NZD,1.7691
2024-09-26,PHP,62.423
2024-09-26,PLN,4.271
2024-09-26,RON,4.9759
2024-09-26,SEK,11.3
2024-09-26,SGD,1.4328
2024-09-26,THB,36.215
2024-09-26,TRY,38.102
2024-09-26,USD,1.1155
2024-09-26,ZAR,19.238
2024-09-27,AUD,1.618
2024-09-27,BGN,1.9558
2024-09-27,BRL,6.0668
2024-09-27,CAD,1.5036
2024-09-27,CHF,0.942
2024-09-27,CNY,7.823
2024-09-27,CZK,25.158
2024-09-27,DKK,7.457
2024-09-27,GBP,0.83338
2024-09-27,HKD,8.6737
2024-09-27,HUF,396.95
2024-09-27,IDR,16859
2024-09-27,ILS,4.1296
2024-09-27,INR,93.38
2024-09-27,ISK,150.7
2024-09-27,JPY,159.63
2024-09-27,KRW,1462.76
2024-09-27,MXN,21.837
2024-09-27,MYR,4.6027
2024-09-27,NOK,11.7575
2024-09-27,NZD,1.7649
2024-09-27,PHP,62.591
2024-09-27,PLN,4.2738
2024-09-27,RON,4.9764
2024-09-27,SEK,11.273
2024-09-27,SGD,1.4305
2024-09-27,THB,36.135
2024-09-27,TRY,38.134
2024-09-27,USD,1.1158
2024-09-27,ZAR,19.1092
2024-09-30,AUD,1.6166
2024-09-30,BGN,1.9558
2024-09-30,BRL,6.0504
2024-09-30,CAD,1.5133
2024-09-30,CHF,0.9439
2024-09-30,CNY,7.8511
2024-09-30,CZK,25.184
2024-09-30,DKK,7.456
2024-09-30,GBP,0.83543
2024-09-30,HKD,8.6933
2024-09-30,HUF,396.88
2024-09-30,IDR,16976
2024-09-30,ILS,4.1491
2024-09-30,INR,93.81
2024-09-30,ISK,150.7
2024-09-30,JPY,159.82
2024-09-30,KRW,1469.11
2024-09-30,MXN,21.984
2024-09-30,MYR,4.6167
2024-09-30,NOK,11.7645
2024-09-30,NZD,1.7616
2024-09-30,PHP,62.74
2024-09-30,PLN,4.2788
2024-09-30,RON,4.9753
2024-09-30,SEK,11.3
2024-09-30,SGD,1.4342
2024-09-30,THB,36.107
2024-09-30,TRY,38.269
2024-09-30,USD,1.1196
2024-09-30,ZAR,19.2258
2024-10-01,AUD,1.604
2024-10-01,BGN,1.9558
2024-10-01,BRL,6.0377
2024-10-01,CAD,1.4986
2024-10-01,CHF,0.9394
2024-10-01,CNY,7.7807
2024-10-01,CZK,25.272
2024-10-01,DKK,7.4578
2024-10-01,GBP,0.83193
2024-10-01,HKD,8.6181
2024-10-01,HUF,397.83
2024-10-01,IDR,16848
2024-10-01,ILS,4.1262
2024-10-01,INR,92.93
2024-10-01,ISK,149.9
2024-10-01,JPY,159.37
2024-10-01,KRW,1463.99
2024-10-01,MXN,21.844
2024-10-01,MYR,4.6168
2024-10-01,NOK,11.7305
2024-10-01,NZD,1.7548
2024-10-01,PHP,62.287
2024-10-01,PLN,4.2853
2024-10-01,RON,4.9759
2024-10-01,SEK,11.3145
2024-10-01,SGD,1.4268
2024-10-01,THB,36.124
2024-10-01,TRY,37.918
2024-10-01,USD,1.1086
2024-10-01,ZAR,19.1585
2024-10-02,AUD,1.6048
2024-10-02,BGN,1.9558
2024-10-02,BRL,5.9961
2024-10-02,CAD,1.4932
2024-10-02,CHF,0.9388
2024-10-02,CNY,7.7702
2024-10-02,CZK,25.316
2024-10-02,DKK,7.4593
2024-10-02,GBP,0.83288
2024-10-02,HKD,8.5947
2024-10-02,HUF,399.53
2024-10-02,IDR,16914
2024-10-02,ILS,4.1917
2024-10-02,INR,92.98
2024-10-02,ISK,149.9
2024-10-02,JPY,160.26
2024-10-02,KRW,1462.53
2024-10-02,MXN,21.608
2024-10-02,MYR,4.6205
2024-10-02,NOK,11.6735
2024-10-02,NZD,1.7614
2024-10-02,PHP,62.186
2024-10-02,PLN,4.295
2024-10-02,RON,4.9763
2024-10-02,SEK,11.3495
2024-10-02,SGD,1.4266
2024-10-02,THB,36.296
2024-10-02,TRY,37.893
2024-10-02,USD,1.1071
2024-10-02,ZAR,19.2605
2024-10-03,AUD,1.6124
2024-10-03,BGN,1.9558
2024-10-03,BRL,6.0304
2024-10-03,CAD,1.4945
2024-10-03,CHF,0.9387
2024-10-03,CNY,7.7477
2024-10-03,CZK,25.357
2024-10-03,DKK,7.4595
2024-10-03,GBP,0.84258
2024-10-03,HKD,8.5734
2024-10-03,HUF,401.43
2024-10-03,IDR,17075
2024-10-03,ILS,4.1859
2024-10-03,INR,92.72
2024-10-03,ISK,149.3
2024-10-03,JPY,161.98
2024-10-03,KRW,1472.89
2024-10-03,MXN,21.539
2024-10-03,MYR,4.6601
2024-10-03,NOK,11.7195
2024-10-03,NZD,1.7749
2024-10-03,PHP,62.315
2024-10-03,PLN,4.3058
2024-10-03,RON,4.9766
2024-10-03,SEK,11.361
2024-10-03,SGD,1.4315
2024-10-03,THB,36.567
2024-10-03,TRY,37.704
2024-10-03,USD,1.1039
2024-10-03,ZAR,19.3017
2024-10-04,AUD,1.6121
2024-10-04,BGN,1.9558
2024-10-04,BRL,6.057
2024-10-04,CAD,1.4952
2024-10-04,CHF,0.9394
2024-10-04,CNY,7.7407
2024-10-04,CZK,25.347
2024-10-04,DKK,7.4579
2024-10-04,GBP,0.83735
2024-10-04,HKD,8.5629
2024-10-04,HUF,401.33
2024-10-04,IDR,17165
2024-10-04,ILS,4.2022
2024-10-04,INR,92.61
2024-10-04,ISK,149.1
2024-10-04,JPY,161.69
2024-10-04,KRW,1478.24
2024-10-04,MXN,21.269
2024-10-04,MYR,4.6542
2024-10-04,NOK,11.6845
2024-10-04,NZD,1.7779
2024-10-04,PHP,62.126
2024-10-04,PLN,4.3145
2024-10-04,RON,4.9769
2024-10-04,SEK,11.3375
2024-10-04,SGD,1.4314
2024-10-04,THB,36.484
2024-10-04,TRY,37.776
2024-10-04,USD,1.1029
2024-10-04,ZAR,19.2809
2024-10-07,AUD,1.6155
2024-10-07,BGN,1.9558
2024-10-07,BRL,5.972
2024-10-07,CAD,1.4914
2024-10-07,CHF,0.9388
2024-10-07,CNY,7.7077
2024-10-07,CZK,25.346
2024-10-07,DKK,7.4572
2024-10-07,GBP,0.83918
2024-10-07,HKD,8.5291
2024-10-07,HUF,402.08
2024-10-07,IDR,17260
2024-10-07,ILS,4.1583
2024-10-07,INR,92.25
2024-10-07,ISK,148.5
2024-10-07,JPY,162.63
2024-10-07,KRW,1476.12
2024-10-07,MXN,21.223
2024-10-07,MYR,4.7036
2024-10-07,NOK,11.656
2024-10-07,NZD,1.7847
2024-10-07,PHP,62.519
2024-10-07,PLN,4.3215
2024-10-07,RON,4.9778
2024-10-07,SEK,11.366
2024-10-07,SGD,1.4304
2024-10-07,THB,36.669
2024-10-07,TRY,37.617
2024-10-07,USD,1.0982
2024-10-07,ZAR,19.0978
2024-10-08,AUD,1.6293
2024-10-08,BGN,1.9558
2024-10-08,BRL,6.0528
2024-10-08,CAD,1.4981
2024-10-08,CHF,0.941
2024-10-08,CNY,7.7449
2024-10-08,CZK,25.313
2024-10-08,DKK,7.4579
2024-10-08,GBP,0.83778
2024-10-08,HKD,8.537
2024-10-08,HUF,400.55
2024-10-08,IDR,17183
2024-10-08,ILS,4.1473
2024-10-08,INR,92.21
2024-10-08,ISK,148.5
2024-10-08,JPY,162.49
2024-10-08,KRW,1478.22
2024-10-08,MXN,21.138
2024-10-08,MYR,4.7074
2024-10-08,NOK,11.687
2024-10-08,NZD,1.7933
2024-10-08,PHP,62.392
2024-10-08,PLN,4.3083
2024-10-08,RON,4.9773
2024-10-08,SEK,11.349
2024-10-08,SGD,1.4307
2024-10-08,THB,36.724
2024-10-08,TRY,37.638
2024-10-08,USD,1.0982
2024-10-08,ZAR,19.1784
2024-10-09,AUD,1.6283
2024-10-09,BGN,1.9558
2024-10-09,BRL,6.0743
2024-10-09,CAD,1.4985
2024-10-09,CHF,0.9397
2024-10-09,CNY,7.7435
2024-10-09,CZK,25.348
2024-10-09,DKK,7.4586
2024-10-09,GBP,0.8374
2024-10-09,HKD,8.5176
2024-10-09,HUF,399.9
2024-10-09,IDR,17130
2024-10-09,ILS,4.1205
2024-10-09,INR,92.0
2024-10-09,ISK,148.7
2024-10-09,JPY,162.97
2024-10-09,KRW,1473.03
2024-10-09,MXN,21.192
2024-10-09,MYR,4.6923
2024-10-09,NOK,11.786
2024-10-09,NZD,1.8038
2024-10-09,PHP,62.41
2024-10-09,PLN,4.2978
2024-10-09,RON,4.9759
2024-10-09,SEK,11.362
2024-10-09,SGD,1.4294
2024-10-09,THB,36.651
2024-10-09,TRY,37.524
2024-10-09,USD,1.0957
2024-10-09,ZAR,19.3282
2024-10-10,AUD,1.6276
2024-10-10,BGN,1.9558
2024-10-10,BRL,6.1061
2024-10-10,CAD,1.5031
2024-10-10,CHF,0.9393
2024-10-10,CNY,7.7376
2024-10-10,CZK,25.317
2024-10-10,DKK,7.4592
2024-10-10,GBP,0.83686
2024-10-10,HKD,8.496
2024-10-10,HUF,400.4
2024-10-10,IDR,17166
2024-10-10,ILS,4.1238
2024-10-10,INR,91.8
2024-10-10,ISK,148.5
2024-10-10,JPY,162.85
2024-10-10,KRW,1477.51
2024-10-10,MXN,21.279
2024-10-10,MYR,4.6915
2024-10-10,NOK,11.792
2024-10-10,NZD,1.7998
2024-10-10,PHP,62.762
2024-10-10,PLN,4.3048
2024-10-10,RON,4.9756
2024-10-10,SEK,11.3655
2024-10-10,SGD,1.43
2024-10-10,THB,36.721
2024-10-10,TRY,37.402
2024-10-10,USD,1.0932
2024-10-10,ZAR,19.2391
2024-10-11,AUD,1.6233
2024-10-11,BGN,1.9558
2024-10-11,BRL,6.0886
2024-10-11,CAD,1.5063
2024-10-11,CHF,0.9378
2024-10-11,CNY,7.7282
2024-10-11,CZK,25.293
2024-10-11,DKK,7.461
2024-10-11,GBP,0.83705
2024-10-11,HKD,8.5001
2024-10-11,HUF,400.85
2024-10-11,IDR,17043
2024-10-11,ILS,4.1103
2024-10-11,INR,91.96
2024-10-11,ISK,149.1
2024-10-11,JPY,162.94
2024-10-11,KRW,1477.64
2024-10-11,MXN,21.236
2024-10-11,MYR,4.6897
2024-10-11,NOK,11.7393
2024-10-11,NZD,1.7941
2024-10-11,PHP,62.613
2024-10-11,PLN,4.2898
2024-10-11,RON,4.9749
2024-10-11,SEK,11.354
2024-10-11,SGD,1.4283
2024-10-11,THB,36.445
2024-10-11,TRY,37.498
2024-10-11,USD,1.0938
2024-10-11,ZAR,19.1041
2024-10-14,AUD,1.6248
2024-10-14,BGN,1.9558
2024-10-14,BRL,6.1443
2024-10-14,CAD,1.5047
2024-10-14,CHF,0.9409
2024-10-14,CNY,7.7332
2024-10-14,CZK,25.263
2024-10-14,DKK,7.4613
2024-10-14,GBP,0.83665
2024-10-14,HKD,8.4718
2024-10-14,HUF,400.78
2024-10-14,IDR,17020
2024-10-14,ILS,4.1029
2024-10-14,INR,91.73
2024-10-14,ISK,149.3
2024-10-14,JPY,163.39
2024-10-14,KRW,1484.03
2024-10-14,MXN,21.035
2024-10-14,MYR,4.688
2024-10-14,NOK,11.7465
2024-10-14,NZD,1.7948
2024-10-14,PHP,62.767
2024-10-14,PLN,4.2893
2024-10-14,RON,4.9743
2024-10-14,SEK,11.3735
2024-10-14,SGD,1.4277
2024-10-14,THB,36.303
2024-10-14,TRY,37.412
2024-10-14,USD,1.0915
2024-10-14,ZAR,19.1618
2024-10-15,AUD,1.6236
2024-10-15,BGN,1.9558
2024-10-15,BRL,6.0949
2024-10-15,CAD,1.5063
2024-10-15,CHF,0.9401
2024-10-15,CNY,7.7574
2024-10-15,CZK,25.242
2024-10-15,DKK,7.461
2024-10-15,GBP,0.83355
2024-10-15,HKD,8.469
2024-10-15,HUF,400.48
2024-10-15,IDR,16927
2024-10-15,ILS,4.0905
2024-10-15,INR,91.62
2024-10-15,ISK,149.3
2024-10-15,JPY,162.85
2024-10-15,KRW,1482.73
2024-10-15,MXN,21.21
2024-10-15,MYR,4.6986
2024-10-15,NOK,11.766
2024-10-15,NZD,1.7902
2024-10-15,PHP,63.068
2024-10-15,PLN,4.2938
2024-10-15,RON,4.9758
2024-10-15,SEK,11.301
2024-10-15,SGD,1.4271
2024-10-15,THB,36.345
2024-10-15,TRY,37.352
2024-10-15,USD,1.0903
2024-10-15,ZAR,19.1651
2024-10-16,AUD,1.6291
2024-10-16,BGN,1.9558
2024-10-16,BRL,6.1432
2024-10-16,CAD,1.5013
2024-10-16,CHF,0.9397
2024-10-16,CNY,7.7511
2024-10-16,CZK,25.296
2024-10-16,DKK,7.461
2024-10-16,GBP,0.83605
2024-10-16,HKD,8.4676
2024-10-16,HUF,401.0
2024-10-16,IDR,16919
2024-10-16,ILS,4.1013
2024-10-16,INR,91.55
2024-10-16,ISK,149.5
2024-10-16,JPY,162.57
2024-10-16,KRW,1483.1
2024-10-16,MXN,21.479
2024-10-16,MYR,4.6803
2024-10-16,NOK,11.8015
2024-10-16,NZD,1.7924
2024-10-16,PHP,62.947
2024-10-16,PLN,4.3
2024-10-16,RON,4.9761
2024-10-16,SEK,11.346
2024-10-16,SGD,1.4264
2024-10-16,THB,36.102
2024-10-16,TRY,37.279
2024-10-16,USD,1.0897
2024-10-16,ZAR,19.1283
2024-10-17,AUD,1.6228
2024-10-17,BGN,1.9558
2024-10-17,BRL,6.1749
2024-10-17,CAD,1.4975
2024-10-17,CHF,0.938
2024-10-17,CNY,7.7385
2024-10-17,CZK,25.256
2024-10-17,DKK,7.4605
2024-10-17,GBP,0.83455
2024-10-17,HKD,8.4477
2024-10-17,HUF,399.73
2024-10-17,IDR,16853
2024-10-17,ILS,4.0823
2024-10-17,INR,91.32
2024-10-17,ISK,149.1
2024-10-17,JPY,162.5
2024-10-17,KRW,1488.83
2024-10-17,MXN,21.714
2024-10-17,MYR,4.6832
2024-10-17,NOK,11.8735
2024-10-17,NZD,1.7903
2024-10-17,PHP,62.854
2024-10-17,PLN,4.3113
2024-10-17,RON,4.9738
2024-10-17,SEK,11.418
2024-10-17,SGD,1.4261
2024-10-17,THB,36.051
2024-10-17,TRY,37.117
2024-10-17,USD,1.0866
2024-10-17,ZAR,19.2606
2024-10-18,AUD,1.6165
2024-10-18,BGN,1.9558
2024-10-18,BRL,6.1328
2024-10-18,CAD,1.496
2024-10-18,CHF,0.9401
2024-10-18,CNY,7.7065
2024-10-18,CZK,25.229
2024-10-18,DKK,7.4576
2024-10-18,GBP,0.83165
2024-10-18,HKD,8.427
2024-10-18,HUF,400.05
2024-10-18,IDR,16804
2024-10-18,ILS,4.0226
2024-10-18,INR,91.2
2024-10-18,ISK,149.1
2024-10-18,JPY,162.75
2024-10-18,KRW,1488.05
2024-10-18,MXN,21.408
2024-10-18,MYR,4.6691
2024-10-18,NOK,11.8115
2024-10-18,NZD,1.7865
2024-10-18,PHP,62.359
2024-10-18,PLN,4.3085
2024-10-18,RON,4.9733
2024-10-18,SEK,11.4205
2024-10-18,SGD,1.4235
2024-10-18,THB,35.996
2024-10-18,TRY,37.197
2024-10-18,USD,1.0847
2024-10-18,ZAR,19.0769
2024-10-21,AUD,1.623
2024-10-21,BGN,1.9558
2024-10-21,BRL,6.1953
2024-10-21,CAD,1.4998
2024-10-21,CHF,0.938
2024-10-21,CNY,7.7198
2024-10-21,CZK,25.268
2024-10-21,DKK,7.4587
2024-10-21,GBP,0.83315
2024-10-21,HKD,8.4351
2024-10-21,HUF,401.6
2024-10-21,IDR,16817
2024-10-21,ILS,4.0948
2024-10-21,INR,91.24
2024-10-21,ISK,149.3
2024-10-21,JPY,162.79
2024-10-21,KRW,1495.73
2024-10-21,MXN,21.654
2024-10-21,MYR,4.6744
2024-10-21,NOK,11.838
2024-10-21,NZD,1.792
2024-10-21,PHP,62.527
2024-10-21,PLN,4.3175
2024-10-21,RON,4.9728
2024-10-21,SEK,11.4275
2024-10-21,SGD,1.4246
2024-10-21,THB,36.309
2024-10-21,TRY,37.176
2024-10-21,USD,1.0853
2024-10-21,ZAR,19.1176
2024-10-22,AUD,1.6177
2024-10-22,BGN,1.9558
2024-10-22,BRL,6.1636
2024-10-22,CAD,1.4964
2024-10-22,CHF,0.9365
2024-10-22,CNY,7.7052
2024-10-22,CZK,25.252
2024-10-22,DKK,7.4576
2024-10-22,GBP,0.8334
2024-10-22,HKD,8.411
2024-10-22,HUF,400.03
2024-10-22,IDR,16843
2024-10-22,ILS,4.0871
2024-10-22,INR,90.97
2024-10-22,ISK,149.3
2024-10-22,JPY,163.22
2024-10-22,KRW,1491.66
2024-10-22,MXN,21.52
2024-10-22,MYR,4.6833
2024-10-22,NOK,11.823
2024-10-22,NZD,1.787
2024-10-22,PHP,62.58
2024-10-22,PLN,4.317
2024-10-22,RON,4.9737
2024-10-22,SEK,11.4005
2024-10-22,SGD,1.4231
2024-10-22,THB,36.229
2024-10-22,TRY,37.06
2024-10-22,USD,1.0821
2024-10-22,ZAR,19.0184
2024-10-23,AUD,1.6233
2024-10-23,BGN,1.9558
2024-10-23,BRL,6.1583
2024-10-23,CAD,1.49
2024-10-23,CHF,0.934
2024-10-23,CNY,7.6759
2024-10-23,CZK,25.235
2024-10-23,DKK,7.4583
2024-10-23,GBP,0.83148
2024-10-23,HKD,8.3656
2024-10-23,HUF,401.83
2024-10-23,IDR,16873
2024-10-23,ILS,4.0845
2024-10-23,INR,90.54
2024-10-23,ISK,149.3
2024-10-23,JPY,164.66
2024-10-23,KRW,1491.54
2024-10-23,MXN,21.612
2024-10-23,MYR,4.6836
2024-10-23,NOK,11.8525
2024-10-23,NZD,1.7918
2024-10-23,PHP,62.513
2024-10-23,PLN,4.3433
2024-10-23,RON,4.9737
2024-10-23,SEK,11.412
2024-10-23,SGD,1.4237
2024-10-23,THB,36.355
2024-10-23,TRY,36.925
2024-10-23,USD,1.0767
2024-10-23,ZAR,19.0355
2024-10-24,AUD,1.6234
2024-10-24,BGN,1.9558
2024-10-24,BRL,6.1487
2024-10-24,CAD,1.4922
2024-10-24,CHF,0.9349
2024-10-24,CNY,7.6848
2024-10-24,CZK,25.23
2024-10-24,DKK,7.4598
2024-10-24,GBP,0.8321
2024-10-24,HKD,8.3926
2024-10-24,HUF,402.93
2024-10-24,IDR,16828
2024-10-24,ILS,4.0804
2024-10-24,INR,90.8
2024-10-24,ISK,148.7
2024-10-24,JPY,164.12
2024-10-24,KRW,1489.82
2024-10-24,MXN,21.367
2024-10-24,MYR,4.6963
2024-10-24,NOK,11.8155
2024-10-24,NZD,1.7914
2024-10-24,PHP,62.521
2024-10-24,PLN,4.3435
2024-10-24,RON,4.9728
2024-10-24,SEK,11.419
2024-10-24,SGD,1.4249
2024-10-24,THB,36.329
2024-10-24,TRY,36.979
2024-10-24,USD,1.0801
2024-10-24,ZAR,19.09
2024-10-25,AUD,1.6311
2024-10-25,BGN,1.9558
2024-10-25,BRL,6.142
2024-10-25,CAD,1.4989
2024-10-25,CHF,0.9382
2024-10-25,CNY,7.7123
2024-10-25,CZK,25.25
2024-10-25,DKK,7.4609
2024-10-25,GBP,0.83358
2024-10-25,HKD,8.411
2024-10-25,HUF,404.68
2024-10-25,IDR,16979
2024-10-25,ILS,4.1062
2024-10-25,INR,91.03
2024-10-25,ISK,149.1
2024-10-25,JPY,164.45
2024-10-25,KRW,1504.09
2024-10-25,MXN,21.441
2024-10-25,MYR,4.7024
2024-10-25,NOK,11.8195
2024-10-25,NZD,1.8025
2024-10-25,PHP,63.118
2024-10-25,PLN,4.3478
2024-10-25,RON,4.9733
2024-10-25,SEK,11.4475
2024-10-25,SGD,1.429
2024-10-25,THB,36.54
2024-10-25,TRY,37.118
2024-10-25,USD,1.0825
2024-10-25,ZAR,19.0627
2024-10-28,AUD,1.6372
2024-10-28,BGN,1.9558
2024-10-28,BRL,6.155
2024-10-28,CAD,1.503
2024-10-28,CHF,0.9367
2024-10-28,CNY,7.7099
2024-10-28,CZK,25.348
2024-10-28,DKK,7.4585
2024-10-28,GBP,0.8329
2024-10-28,HKD,8.4072
2024-10-28,HUF,404.83
2024-10-28,IDR,17016
2024-10-28,ILS,4.0327
2024-10-28,INR,90.96
2024-10-28,ISK,149.1
2024-10-28,JPY,165.18
2024-10-28,KRW,1496.45
2024-10-28,MXN,21.622
2024-10-28,MYR,4.7177
2024-10-28,NOK,11.912
2024-10-28,NZD,1.8059
2024-10-28,PHP,62.969
2024-10-28,PLN,4.35
2024-10-28,RON,4.9738
2024-10-28,SEK,11.471
2024-10-28,SGD,1.4302
2024-10-28,THB,36.538
2024-10-28,TRY,37.101
2024-10-28,USD,1.0818
2024-10-28,ZAR,19.1877
2024-10-29,AUD,1.6423
2024-10-29,BGN,1.9558
2024-10-29,BRL,6.1613
2024-10-29,CAD,1.4981
2024-10-29,CHF,0.9369
2024-10-29,CNY,7.6895
2024-10-29,CZK,25.372
2024-10-29,DKK,7.4588
2024-10-29,GBP,0.8302
2024-10-29,HKD,8.3716
2024-10-29,HUF,405.23
2024-10-29,IDR,16993
2024-10-29,ILS,4.0298
2024-10-29,INR,90.57
2024-10-29,ISK,148.7
2024-10-29,JPY,165.66
2024-10-29,KRW,1496.4
2024-10-29,MXN,21.572
2024-10-29,MYR,4.7172
2024-10-29,NOK,11.8415
2024-10-29,NZD,1.8076
2024-10-29,PHP,62.857
2024-10-29,PLN,4.348
2024-10-29,RON,4.9749
2024-10-29,SEK,11.517
2024-10-29,SGD,1.4287
2024-10-29,THB,36.4
2024-10-29,TRY,36.949
2024-10-29,USD,1.0774
2024-10-29,ZAR,19.1063
2024-10-30,AUD,1.646
2024-10-30,BGN,1.9558
2024-10-30,BRL,6.2564
2024-10-30,CAD,1.5072
2024-10-30,CHF,0.9393
2024-10-30,CNY,7.7054
2024-10-30,CZK,25.377
2024-10-30,DKK,7.4606
2024-10-30,GBP,0.83425
2024-10-30,HKD,8.405
2024-10-30,HUF,408.38
2024-10-30,IDR,16967
2024-10-30,ILS,4.0214
2024-10-30,INR,90.94
2024-10-30,ISK,148.5
2024-10-30,JPY,165.91
2024-10-30,KRW,1493.02
2024-10-30,MXN,21.817
2024-10-30,MYR,4.7359
2024-10-30,NOK,11.8785
2024-10-30,NZD,1.8099
2024-10-30,PHP,63.01
2024-10-30,PLN,4.3463
2024-10-30,RON,4.9747
2024-10-30,SEK,11.566
2024-10-30,SGD,1.4329
2024-10-30,THB,36.522
2024-10-30,TRY,37.086
2024-10-30,USD,1.0815
2024-10-30,ZAR,19.1535
2024-10-31,AUD,1.6559
2024-10-31,BGN,1.9558
2024-10-31,BRL,6.2635
2024-10-31,CAD,1.5134
2024-10-31,CHF,0.9412
2024-10-31,CNY,7.7436
2024-10-31,CZK,25.327
2024-10-31,DKK,7.4601
2024-10-31,GBP,0.83753
2024-10-31,HKD,8.4598
2024-10-31,HUF,408.28
2024-10-31,IDR,17106
2024-10-31,ILS,4.0441
2024-10-31,INR,91.49
2024-10-31,ISK,148.9
2024-10-31,JPY,166.3
2024-10-31,KRW,1500.05
2024-10-31,MXN,21.809
2024-10-31,MYR,4.7652
2024-10-31,NOK,11.9385
2024-10-31,NZD,1.822
2024-10-31,PHP,63.364
2024-10-31,PLN,4.3508
2024-10-31,RON,4.9749
2024-10-31,SEK,11.6308
2024-10-31,SGD,1.4377
2024-10-31,THB,36.754
2024-10-31,TRY,37.268
2024-10-31,USD,1.0882
2024-10-31,ZAR,19.1869
2024-11-01,AUD,1.653
2024-11-01,BGN,1.9558
2024-11-01,BRL,6.2813
2024-11-01,CAD,1.5144
2024-11-01,CHF,0.9427
2024-11-01,CNY,7.7403
2024-11-01,CZK,25.33
2024-11-01,DKK,7.4562
2024-11-01,GBP,0.83998
2024-11-01,HKD,8.466
2024-11-01,HUF,407.75
2024-11-01,IDR,17132
2024-11-01,ILS,4.0681
2024-11-01,INR,91.5
2024-11-01,ISK,149.1
2024-11-01,JPY,165.54
2024-11-01,KRW,1498.21
2024-11-01,MXN,21.725
2024-11-01,MYR,4.766
2024-11-01,NOK,11.96
2024-11-01,NZD,1.8164
2024-11-01,PHP,63.525
2024-11-01,PLN,4.3543
2024-11-01,RON,4.9745
2024-11-01,SEK,11.6115
2024-11-01,SGD,1.4392
2024-11-01,THB,36.873
2024-11-01,TRY,37.376
2024-11-01,USD,1.0885
2024-11-01,ZAR,19.1111
2024-11-04,AUD,1.6516
2024-11-04,BGN,1.9558
2024-11-04,BRL,6.3344
2024-11-04,CAD,1.5155
2024-11-04,CHF,0.941
2024-11-04,CNY,7.7363
2024-11-04,CZK,25.288
2024-11-04,DKK,7.4578
2024-11-04,GBP,0.84063
2024-11-04,HKD,8.4761
2024-11-04,HUF,407.83
2024-11-04,IDR,17191
2024-11-04,ILS,4.0879
2024-11-04,INR,91.72
2024-11-04,ISK,148.9
2024-11-04,JPY,165.47
2024-11-04,KRW,1497.97
2024-11-04,MXN,21.919
2024-11-04,MYR,4.7678
2024-11-04,NOK,11.9465
2024-11-04,NZD,1.8196
2024-11-04,PHP,63.762
2024-11-04,PLN,4.3423
2024-11-04,RON,4.975
2024-11-04,SEK,11.6445
2024-11-04,SGD,1.4356
2024-11-04,THB,36.736
2024-11-04,TRY,37.453
2024-11-04,USD,1.0904
2024-11-04,ZAR,19.1248
2024-11-05,AUD,1.6452
2024-11-05,BGN,1.9558
2024-11-05,BRL,6.3039
2024-11-05,CAD,1.5128
2024-11-05,CHF,0.9402
2024-11-05,CNY,7.7405
2024-11-05,CZK,25.343
2024-11-05,DKK,7.4586
2024-11-05,GBP,0.8392
2024-11-05,HKD,8.4687
2024-11-05,HUF,409.25
2024-11-05,IDR,17180
2024-11-05,ILS,4.0828
2024-11-05,INR,91.66
2024-11-05,ISK,148.9
2024-11-05,JPY,165.93
2024-11-05,KRW,1503.71
2024-11-05,MXN,21.958
2024-11-05,MYR,4.7353
2024-11-05,NOK,11.96
2024-11-05,NZD,1.8169
2024-11-05,PHP,63.553
2024-11-05,PLN,4.358
2024-11-05,RON,4.9756
2024-11-05,SEK,11.6665
2024-11-05,SGD,1.4351
2024-11-05,THB,36.652
2024-11-05,TRY,37.429
2024-11-05,USD,1.0897
2024-11-05,ZAR,19.0277
2024-11-06,AUD,1.6301
2024-11-06,BGN,1.9558
2024-11-06,BRL,6.2127
2024-11-06,CAD,1.4893
2024-11-06,CHF,0.9368
2024-11-06,CNY,7.6779
2024-11-06,CZK,25.339
2024-11-06,DKK,7.457
2024-11-06,GBP,0.83223
2024-11-06,HKD,8.3167
2024-11-06,HUF,410.08
2024-11-06,IDR,16977
2024-11-06,ILS,4.0115
2024-11-06,INR,90.18
2024-11-06,ISK,148.3
2024-11-06,JPY,165.05
2024-11-06,KRW,1500.9
2024-11-06,MXN,22.076
2024-11-06,MYR,4.7095
2024-11-06,NOK,11.909
2024-11-06,NZD,1.7997
2024-11-06,PHP,62.949
2024-11-06,PLN,4.3493
2024-11-06,RON,4.9755
2024-11-06,SEK,11.6515
2024-11-06,SGD,1.4281
2024-11-06,THB,36.705
2024-11-06,TRY,36.636
2024-11-06,USD,1.0695
2024-11-06,ZAR,18.9842
2024-11-07,AUD,1.6196
2024-11-07,BGN,1.9558
2024-11-07,BRL,6.0988
2024-11-07,CAD,1.496
2024-11-07,CHF,0.9432
2024-11-07,CNY,7.7159
2024-11-07,CZK,25.262
2024-11-07,DKK,7.4574
2024-11-07,GBP,0.83185
2024-11-07,HKD,8.3818
2024-11-07,HUF,404.58
2024-11-07,IDR,16889
2024-11-07,ILS,4.0094
2024-11-07,INR,90.94
2024-11-07,ISK,148.3
2024-11-07,JPY,165.71
2024-11-07,KRW,1495.78
2024-11-07,MXN,21.39
2024-11-07,MYR,4.7492
2024-11-07,NOK,11.7485
2024-11-07,NZD,1.7932
2024-11-07,PHP,63.1
2024-11-07,PLN,4.3253
2024-11-07,RON,4.9759
2024-11-07,SEK,11.599
2024-11-07,SGD,1.4258
2024-11-07,THB,36.798
2024-11-07,TRY,36.932
2024-11-07,USD,1.0785
2024-11-07,ZAR,18.7328
2024-11-08,AUD,1.6259
2024-11-08,BGN,1.9558
2024-11-08,BRL,6.2034
2024-11-08,CAD,1.4983
2024-11-08,CHF,0.9393
2024-11-08,CNY,7.7233
2024-11-08,CZK,25.208
2024-11-08,DKK,7.4573
2024-11-08,GBP,0.83188
2024-11-08,HKD,8.3745
2024-11-08,HUF,406.68
2024-11-08,IDR,16802
2024-11-08,ILS,4.024
2024-11-08,INR,90.89
2024-11-08,ISK,148.7
2024-11-08,JPY,164.18
2024-11-08,KRW,1495.41
2024-11-08,MXN,21.535
2024-11-08,MYR,4.7208
2024-11-08,NOK,11.7735
2024-11-08,NZD,1.797
2024-11-08,PHP,62.85
2024-11-08,PLN,4.3255
2024-11-08,RON,4.9748
2024-11-08,SEK,11.59
2024-11-08,SGD,1.4251
2024-11-08,THB,36.695
2024-11-08,TRY,37.01
2024-11-08,USD,1.0772
2024-11-08,ZAR,18.8777
2024-11-11,AUD,1.6186
2024-11-11,BGN,1.9558
2024-11-11,BRL,6.1877
2024-11-11,CAD,1.4848
2024-11-11,CHF,0.9369
2024-11-11,CNY,7.6719
2024-11-11,CZK,25.339
2024-11-11,DKK,7.4574
2024-11-11,GBP,0.8268
2024-11-11,HKD,8.2812
2024-11-11,HUF,409.63
2024-11-11,IDR,16750
2024-11-11,ILS,3.9832
2024-11-11,INR,89.89
2024-11-11,ISK,148.3
2024-11-11,JPY,163.82
2024-11-11,KRW,1489.97
2024-11-11,MXN,21.856
2024-11-11,MYR,4.6971
2024-11-11,NOK,11.7865
2024-11-11,NZD,1.7857
2024-11-11,PHP,62.461
2024-11-11,PLN,4.344
2024-11-11,RON,4.9749
2024-11-11,SEK,11.592
2024-11-11,SGD,1.4197
2024-11-11,THB,36.703
2024-11-11,TRY,36.567
2024-11-11,USD,1.0651
2024-11-11,ZAR,19.0171
2024-11-12,AUD,1.6206
2024-11-12,BGN,1.9558
2024-11-12,BRL,6.1131
2024-11-12,CAD,1.4799
2024-11-12,CHF,0.9354
2024-11-12,CNY,7.6781
2024-11-12,CZK,25.39
2024-11-12,DKK,7.4591
2024-11-12,GBP,0.82835
2024-11-12,HKD,8.2586
2024-11-12,HUF,410.7
2024-11-12,IDR,16770
2024-11-12,ILS,3.982
2024-11-12,INR,89.59
2024-11-12,ISK,147.9
2024-11-12,JPY,163.71
2024-11-12,KRW,1492.15
2024-11-12,MXN,21.643
2024-11-12,MYR,4.7139
2024-11-12,NOK,11.7385
2024-11-12,NZD,1.7848
2024-11-12,PHP,62.273
2024-11-12,PLN,4.3503
2024-11-12,RON,4.9763
2024-11-12,SEK,11.542
2024-11-12,SGD,1.4204
2024-11-12,THB,36.942
2024-11-12,TRY,36.504
2024-11-12,USD,1.0617
2024-11-12,ZAR,19.1584
2024-11-13,AUD,1.6299
2024-11-13,BGN,1.9558
2024-11-13,BRL,6.1031
2024-11-13,CAD,1.484
2024-11-13,CHF,0.9379
2024-11-13,CNY,7.6626
2024-11-13,CZK,25.295
2024-11-13,DKK,7.4598
2024-11-13,GBP,0.83413
2024-11-13,HKD,8.2682
2024-11-13,HUF,408.7
2024-11-13,IDR,16716
2024-11-13,ILS,3.9774
2024-11-13,INR,89.69
2024-11-13,ISK,147.9
2024-11-13,JPY,164.71
2024-11-13,KRW,1487.4
2024-11-13,MXN,21.794
2024-11-13,MYR,4.7278
2024-11-13,NOK,11.7645
2024-11-13,NZD,1.7941
2024-11-13,PHP,62.327
2024-11-13,PLN,4.3425
2024-11-13,RON,4.9764
2024-11-13,SEK,11.5895
2024-11-13,SGD,1.4214
2024-11-13,THB,36.861
2024-11-13,TRY,36.522
2024-11-13,USD,1.0629
2024-11-13,ZAR,19.1406
2024-11-14,AUD,1.6285
2024-11-14,BGN,1.9558
2024-11-14,BRL,6.1122
2024-11-14,CAD,1.4759
2024-11-14,CHF,0.9369
2024-11-14,CNY,7.6267
2024-11-14,CZK,25.305
2024-11-14,DKK,7.4593
2024-11-14,GBP,0.83158
2024-11-14,HKD,8.1975
2024-11-14,HUF,407.05
2024-11-14,IDR,16804
2024-11-14,ILS,3.9374
2024-11-14,INR,88.96
2024-11-14,ISK,146.3
2024-11-14,JPY,164.24
2024-11-14,KRW,1478.78
2024-11-14,MXN,21.721
2024-11-14,MYR,4.7193
2024-11-14,NOK,11.759
2024-11-14,NZD,1.7958
2024-11-14,PHP,61.972
2024-11-14,PLN,4.3383
2024-11-14,RON,4.9764
2024-11-14,SEK,11.603
2024-11-14,SGD,1.4175
2024-11-14,THB,36.887
2024-11-14,TRY,36.197
2024-11-14,USD,1.0533
2024-11-14,ZAR,19.3136
2024-11-15,AUD,1.6345
2024-11-15,BGN,1.9558
2024-11-15,BRL,6.1335
2024-11-15,CAD,1.4861
2024-11-15,CHF,0.9389
2024-11-15,CNY,7.6492
2024-11-15,CZK,25.286
2024-11-15,DKK,7.459
2024-11-15,GBP,0.83455
2024-11-15,HKD,8.2385
2024-11-15,HUF,407.23
2024-11-15,IDR,16810
2024-11-15,ILS,3.9586
2024-11-15,INR,89.35
2024-11-15,ISK,145.7
2024-11-15,JPY,164.36
2024-11-15,KRW,1476.23
2024-11-15,MXN,21.57
2024-11-15,MYR,4.7311
2024-11-15,NOK,11.699
2024-11-15,NZD,1.8015
2024-11-15,PHP,62.162
2024-11-15,PLN,4.32
2024-11-15,RON,4.9768
2024-11-15,SEK,11.5905
2024-11-15,SGD,1.4187
2024-11-15,THB,36.861
2024-11-15,TRY,36.429
2024-11-15,USD,1.0583
2024-11-15,ZAR,19.2353
2024-11-18,AUD,1.6352
2024-11-18,BGN,1.9558
2024-11-18,BRL,6.103
2024-11-18,CAD,1.4873
2024-11-18,CHF,0.9364
2024-11-18,CNY,7.6442
2024-11-18,CZK,25.282
2024-11-18,DKK,7.4591
2024-11-18,GBP,0.8356
2024-11-18,HKD,8.214
2024-11-18,HUF,408.7
2024-11-18,IDR,16733
2024-11-18,ILS,3.9468
2024-11-18,INR,89.08
2024-11-18,ISK,144.3
2024-11-18,JPY,163.74
2024-11-18,KRW,1474.49
2024-11-18,MXN,21.502
2024-11-18,MYR,4.7278
2024-11-18,NOK,11.717
2024-11-18,NZD,1.8062
2024-11-18,PHP,61.929
2024-11-18,PLN,4.3278
2024-11-18,RON,4.9765
2024-11-18,SEK,11.6
2024-11-18,SGD,1.4186
2024-11-18,THB,36.758
2024-11-18,TRY,36.447
2024-11-18,USD,1.0552
2024-11-18,ZAR,19.0768
2024-11-19,AUD,1.6264
2024-11-19,BGN,1.9558
2024-11-19,BRL,6.1212
2024-11-19,CAD,1.4833
2024-11-19,CHF,0.9329
2024-11-19,CNY,7.6578
2024-11-19,CZK,25.284
2024-11-19,DKK,7.4591
2024-11-19,GBP,0.83638
2024-11-19,HKD,8.2335
2024-11-19,HUF,407.45
2024-11-19,IDR,16760
2024-11-19,ILS,3.9611
2024-11-19,INR,89.29
2024-11-19,ISK,145.3
2024-11-19,JPY,162.71
2024-11-19,KRW,1472.84
2024-11-19,MXN,21.496
2024-11-19,MYR,4.7315
2024-11-19,NOK,11.6595
2024-11-19,NZD,1.7949
2024-11-19,PHP,62.314
2024-11-19,PLN,4.3303
2024-11-19,RON,4.9769
2024-11-19,SEK,11.584
2024-11-19,SGD,1.4163
2024-11-19,THB,36.521
2024-11-19,TRY,36.556
2024-11-19,USD,1.0578
2024-11-19,ZAR,19.097
2024-11-20,AUD,1.6225
2024-11-20,BGN,1.9558
2024-11-20,BRL,6.0975
2024-11-20,CAD,1.4767
2024-11-20,CHF,0.9342
2024-11-20,CNY,7.6528
2024-11-20,CZK,25.286
2024-11-20,DKK,7.4592
2024-11-20,GBP,0.8338
2024-11-20,HKD,8.2208
2024-11-20,HUF,409.6
2024-11-20,IDR,16790
2024-11-20,ILS,3.9413
2024-11-20,INR,89.1
2024-11-20,ISK,145.5
2024-11-20,JPY,164.42
2024-11-20,KRW,1474.4
2024-11-20,MXN,21.304
2024-11-20,MYR,4.7228
2024-11-20,NOK,11.644
2024-11-20,NZD,1.7947
2024-11-20,PHP,62.282
2024-11-20,PLN,4.3308
2024-11-20,RON,4.9765
2024-11-20,SEK,11.605
2024-11-20,SGD,1.4173
2024-11-20,THB,36.581
2024-11-20,TRY,36.402
2024-11-20,USD,1.0562
2024-11-20,ZAR,19.1266
